parameter,number_measurements,measurement_spacing,sample_size,num_removed_values,sd_estimate,lower_ci,upper_ci,lower_ci_90,upper_ci_90,estimate,num_converged_values,pop_value,conv_fail,perc_error,bias_status,ci_status,precision_status,errorbar_length,time_structuredness
bold(E:~theta[fixed]~(Baseline)),5,Equal spacing,30,0,0.012014324622165225,2.9762554161072887,3.0216744290213375,2.979891405990699,3.017910669091091,2.9988594709924135,999,3,0,0.038017633586218125,0,0,0,0.04541901291404882,Time unstructured (slow response)
bold(E:~theta[fixed]~(Baseline)),5,Equal spacing,50,0,0.011491139828392331,2.9804142830056986,3.016000650412556,2.983889855209182,3.0132465320845094,2.999097219814099,1000,3,0,0.03009267286337251,0,0,0,0.03558636740685728,Time unstructured (slow response)
bold(E:~theta[fixed]~(Baseline)),5,Equal spacing,100,0,0.006594026943111488,2.986199673104124,3.012045153897924,2.9887036176818937,3.0103668953030485,2.999571068770151,1000,3,0,0.01429770766163685,0,0,0,0.02584548079379978,Time unstructured (slow response)
bold(E:~theta[fixed]~(Baseline)),5,Equal spacing,200,0,0.004714755679643338,2.990793758184355,3.0092163123433027,2.992354459344276,3.008013090076011,3.00002882587084,1000,3,0,9.608623613358939e-4,0,0,0,0.01842255415894778,Time unstructured (slow response)
bold(E:~theta[fixed]~(Baseline)),5,Equal spacing,500,0,0.0031220180737356936,2.993831157470809,3.0057925911945746,2.9948364328996337,3.005132786323151,3.00002388708212,989,3,0,7.962360706622226e-4,0,0,0,0.01196143372376568,Time unstructured (slow response)
bold(E:~theta[fixed]~(Baseline)),5,Equal spacing,1000,0,0.002080057378847432,2.9958883564470096,3.004078717379987,2.9966916540366837,3.0034285859858976,3.0001249370115017,975,3,0,0.004164567050057855,0,0,0,0.008190360932977647,Time unstructured (slow response)
bold(E:~theta[fixed]~(Baseline)),7,Equal spacing,30,0,0.011022283908374515,2.978658580286641,3.0209109279035973,2.9813325601990104,3.017773656089609,2.9998257364855454,1000,3,0,0.005808783815153262,0,0,0,0.042252347616956065,Time unstructured (slow response)
bold(E:~theta[fixed]~(Baseline)),7,Equal spacing,50,0,0.008724536528875625,2.982344393076031,3.0174648419006354,2.9861744846100167,3.014083031849656,2.9997090042686936,1000,3,0,0.009699857710214015,0,0,0,0.03512044882460419,Time unstructured (slow response)
bold(E:~theta[fixed]~(Baseline)),7,Equal spacing,100,0,0.006194008359834464,2.9880493657290845,3.012094027471506,2.9898068422787367,3.0104281701233755,2.9998117716858244,1000,3,0,0.006274277139188082,0,0,0,0.02404466174242126,Time unstructured (slow response)
bold(E:~theta[fixed]~(Baseline)),7,Equal spacing,200,0,0.0042754269440805105,2.991858583097087,3.008186327121436,2.992969084282304,3.006986308288336,3.0000821944326943,1000,3,0,0.00273981442314349,0,0,0,0.016327744024348778,Time unstructured (slow response)
bold(E:~theta[fixed]~(Baseline)),7,Equal spacing,500,0,0.0028198760308562687,2.9947562710372213,3.005561143271195,2.9954177952688608,3.004641377884612,3.0002315189081004,995,3,0,0.007717296936678626,0,0,0,0.01080487223397375,Time unstructured (slow response)
bold(E:~theta[fixed]~(Baseline)),7,Equal spacing,1000,0,0.001955577346484571,2.996182472821523,3.003839360547411,2.9968225286933086,3.0032844129679006,3.0002112024082246,990,3,0,0.007040080274152889,0,0,0,0.0076568877258882395,Time unstructured (slow response)
bold(E:~theta[fixed]~(Baseline)),9,Equal spacing,30,0,0.01077009379251413,2.9800495623615935,3.021468648166975,2.9844832127646903,3.0189036828323057,3.0007771826203355,1000,3,0,0.02590608734451827,0,0,0,0.04141908580538134,Time unstructured (slow response)
bold(E:~theta[fixed]~(Baseline)),9,Equal spacing,50,0,0.008343959614570065,2.9839669735179317,3.015904722510594,2.985847730966731,3.01367708536818,3.000373041760163,1000,3,0,0.012434725338768734,0,0,0,0.03193774899266222,Time unstructured (slow response)
bold(E:~theta[fixed]~(Baseline)),9,Equal spacing,100,0,0.006044585574702681,2.9884536460207167,3.0119012303140145,2.9902236923409604,3.0100837193665373,3.000035562897237,1000,3,0,0.0011854299078943122,0,0,0,0.02344758429329774,Time unstructured (slow response)
bold(E:~theta[fixed]~(Baseline)),9,Equal spacing,200,0,0.004099611855372342,2.9923194260134123,3.0080292285674566,2.9934157840226407,3.0069373224272087,3.0001547217333946,1000,3,0,0.005157391113153054,0,0,0,0.015709802554044305,Time unstructured (slow response)
bold(E:~theta[fixed]~(Baseline)),9,Equal spacing,500,0,0.0026762990152352354,2.99487369161763,3.0052039728499875,2.9958867172114214,3.004498048261448,3.0003357039839913,1000,3,0,0.011190132799709929,0,0,0,0.010330281232357574,Time unstructured (slow response)
bold(E:~theta[fixed]~(Baseline)),9,Equal spacing,1000,0,0.0018346684145901756,2.9970035512199953,3.0040329865817794,2.9974037109093965,3.0033044114059955,3.000366260498012,1000,3,0,0.012208683267071288,0,0,0,0.007029435361784131,Time unstructured (slow response)
bold(E:~theta[fixed]~(Baseline)),11,Equal spacing,30,0,0.010292263735532048,2.980669157234839,3.019911250007937,2.9837709754567845,3.018031395863326,3.0004637971846617,1000,3,0,0.015459906155390613,0,0,0,0.03924209277309787,Time unstructured (slow response)
bold(E:~theta[fixed]~(Baseline)),11,Equal spacing,50,0,0.008062269708411205,2.985528010532513,3.0155352496421015,2.9870578953108073,3.0129348875817263,3.0001850543922814,1000,3,0,0.006168479742714912,0,0,0,0.03000723910958847,Time unstructured (slow response)
bold(E:~theta[fixed]~(Baseline)),11,Equal spacing,100,0,0.005857977091254062,2.98850188578032,3.0107129461877804,2.990112550558134,3.0092024690915635,3.000067559814281,1000,3,0,0.0022519938093730945,0,0,0,0.022211060407460348,Time unstructured (slow response)
bold(E:~theta[fixed]~(Baseline)),11,Equal spacing,200,0,0.004108825905993187,2.9924962422395525,3.0081587993911874,2.9937543061259047,3.0071142912764595,3.0004451066247393,1000,3,0,0.014836887491309625,0,0,0,0.015662557151634893,Time unstructured (slow response)
bold(E:~theta[fixed]~(Baseline)),11,Equal spacing,500,0,0.002563705741723784,2.9954748533040796,3.005529973492661,2.99616544040084,3.004546986635993,3.000345337567756,1000,3,0,0.011511252258526266,0,0,0,0.010055120188581235,Time unstructured (slow response)
bold(E:~theta[fixed]~(Baseline)),11,Equal spacing,1000,0,0.0017708456907947355,2.9966794462217328,3.00365934438426,2.9974033550622483,3.0030190456430934,3.0001777259652567,1000,3,0,0.005924198841888995,0,0,0,0.006979898162527309,Time unstructured (slow response)
bold(G:~theta[random]~(Baseline)),5,Equal spacing,30,0,2.533563577842501e-4,0.03162277660168379,0.06649383831073569,0.03162277660176721,0.0644419414185779,0.04932678662438424,999,0.05,0,1.3464267512315193,0,1,1,0.034871061709051895,Time unstructured (slow response)
bold(G:~theta[random]~(Baseline)),5,Equal spacing,50,0,2.533563577842501e-4,0.03329347878617896,0.0641655838306507,0.03643094414096917,0.06182793025123723,0.04971878289900945,1000,0.05,0,0.5624342019810991,0,1,1,0.030872105044471743,Time unstructured (slow response)
bold(G:~theta[random]~(Baseline)),5,Equal spacing,100,0,2.533563577842501e-4,0.03794128461761969,0.059468249498849865,0.040280415602618545,0.05837176801326669,0.049681104291202004,1000,0.05,0,0.6377914175959981,0,1,1,0.021526964881230175,Time unstructured (slow response)
bold(G:~theta[random]~(Baseline)),5,Equal spacing,200,0,2.533563577842501e-4,0.04163429298349112,0.057014449075714756,0.043406429194471755,0.05594105168343929,0.049894322586142764,1000,0.05,0,0.21135482771447722,0,1,1,0.015380156092223637,Time unstructured (slow response)
bold(G:~theta[random]~(Baseline)),5,Equal spacing,500,0,2.533563577842501e-4,0.04511981113198574,0.05465825273661596,0.04588230786891276,0.05392331169399363,0.050022698035276286,989,0.05,0,0.04539607055256689,0,0,0,0.009538441604630223,Time unstructured (slow response)
bold(G:~theta[random]~(Baseline)),5,Equal spacing,1000,0,2.533563577842501e-4,0.04659952119549107,0.05310291816165644,0.04714409068397548,0.052498187324178,0.04995637934064412,975,0.05,0,0.0872413187117671,0,0,0,0.0065033969661653646,Time unstructured (slow response)
bold(G:~theta[random]~(Baseline)),7,Equal spacing,30,0,3.9484542759490583e-4,0.03162277660168379,0.06628462619957219,0.03296796976462109,0.06318357667158819,0.048907130319776386,1000,0.05,0,2.1857393604472337,0,1,1,0.0346618495978884,Time unstructured (slow response)
bold(G:~theta[random]~(Baseline)),7,Equal spacing,50,0,3.9484542759490583e-4,0.035068360173782794,0.06184604772563385,0.037572295087514494,0.05984670586930853,0.04956250582209349,1000,0.05,0,0.874988355813025,0,1,1,0.02677768755185106,Time unstructured (slow response)
bold(G:~theta[random]~(Baseline)),7,Equal spacing,100,0,3.9484542759490583e-4,0.03959154138797784,0.058339775640001416,0.04130504754926465,0.05727875235866036,0.04966881773251039,1000,0.05,0,0.6623645349792262,0,1,1,0.018748234252023578,Time unstructured (slow response)
bold(G:~theta[random]~(Baseline)),7,Equal spacing,200,0,3.9484542759490583e-4,0.043101789681976185,0.056028377824446876,0.0442226134876737,0.05548634223026789,0.04992840089769928,1000,0.05,0,0.14319820460144406,0,1,1,0.01292658814247069,Time unstructured (slow response)
bold(G:~theta[random]~(Baseline)),7,Equal spacing,500,0,3.9484542759490583e-4,0.04565208661326876,0.05425909808568794,0.04626820514706222,0.05350152335406162,0.049845456613222594,995,0.05,0,0.3090867735548175,0,0,0,0.008607011472419185,Time unstructured (slow response)
bold(G:~theta[random]~(Baseline)),7,Equal spacing,1000,0,3.9484542759490583e-4,0.0469975764730385,0.052845339874048686,0.047343663212649045,0.052463127432666165,0.04997245647863304,990,0.05,0,0.05508704273392284,0,0,0,0.005847763401010182,Time unstructured (slow response)
bold(G:~theta[random]~(Baseline)),9,Equal spacing,30,0,3.0631542446741557e-4,0.03162277660340089,0.06437813861176717,0.033778924823764434,0.062299655248163485,0.04905917509356424,1000,0.05,0,1.8816498128715193,0,1,1,0.032755362008366276,Time unstructured (slow response)
bold(G:~theta[random]~(Baseline)),9,Equal spacing,50,0,3.0631542446741557e-4,0.036328000508808495,0.061855431983279946,0.03859060728977386,0.05912746785412625,0.04941063408440456,1000,0.05,0,1.1787318311908823,0,1,1,0.02552743147447145,Time unstructured (slow response)
bold(G:~theta[random]~(Baseline)),9,Equal spacing,100,0,3.0631542446741557e-4,0.04111830703454484,0.05803221621393431,0.042425036292768906,0.056952447833853594,0.04967595347196467,1000,0.05,0,0.6480930560706644,0,1,1,0.016913909179389473,Time unstructured (slow response)
bold(G:~theta[random]~(Baseline)),9,Equal spacing,200,0,3.0631542446741557e-4,0.04317158494462555,0.05530866656369756,0.04437337476919612,0.05433718258159685,0.04968027720066767,1000,0.05,0,0.6394455986646619,0,1,1,0.01213708161907201,Time unstructured (slow response)
bold(G:~theta[random]~(Baseline)),9,Equal spacing,500,0,3.0631542446741557e-4,0.04606248072310961,0.05340999104519345,0.04656624523766815,0.05293254215099274,0.0498244820032681,1000,0.05,0,0.35103599346381076,0,0,0,0.00734751032208384,Time unstructured (slow response)
bold(G:~theta[random]~(Baseline)),9,Equal spacing,1000,0,3.0631542446741557e-4,0.046896075470546916,0.052583318140390065,0.04747720544854309,0.05220950893477875,0.04988101655330196,1000,0.05,0,0.23796689339608545,0,0,0,0.005687242669843148,Time unstructured (slow response)
bold(G:~theta[random]~(Baseline)),11,Equal spacing,30,0,3.3877946797414624e-4,0.03177292437152257,0.06429861587721074,0.034714166062490504,0.062330063374785014,0.04928136010091015,1000,0.05,0,1.4372797981797025,0,1,1,0.03252569150568817,Time unstructured (slow response)
bold(G:~theta[random]~(Baseline)),11,Equal spacing,50,0,3.3877946797414624e-4,0.03616209986674948,0.06126275968085219,0.03816258717824389,0.05919992097972355,0.049113510232643855,1000,0.05,0,1.772979534712296,0,1,1,0.025100659814102706,Time unstructured (slow response)
bold(G:~theta[random]~(Baseline)),11,Equal spacing,100,0,3.3877946797414624e-4,0.04106328965595227,0.05761034252583982,0.04241143879277291,0.056622285838162235,0.04940962914010782,1000,0.05,0,1.1807417197843701,0,1,1,0.01654705286988755,Time unstructured (slow response)
bold(G:~theta[random]~(Baseline)),11,Equal spacing,200,0,3.3877946797414624e-4,0.04329495762186555,0.055723703249765076,0.044521864981296275,0.054886450374176325,0.04981111184749188,1000,0.05,0,0.3777763050162447,0,1,1,0.012428745627899529,Time unstructured (slow response)
bold(G:~theta[random]~(Baseline)),11,Equal spacing,500,0,3.3877946797414624e-4,0.04628747753275179,0.05381257713843744,0.046656965172327265,0.05299053524882509,0.0498789738052025,1000,0.05,0,0.24205238959500164,0,0,0,0.007525099605685655,Time unstructured (slow response)
bold(G:~theta[random]~(Baseline)),11,Equal spacing,1000,0,3.3877946797414624e-4,0.047138715099126496,0.052587116479855964,0.04762411799408327,0.05207875546857357,0.04989099937228532,1000,0.05,0,0.21800125542936755,0,0,0,0.005448401380729467,Time unstructured (slow response)
bold(F:~alpha[fixed]~(Maximal~Elevation)),5,Equal spacing,30,0,0.011605110956623952,3.298445639658695,3.3417821695771015,3.301639435849151,3.3395708763943026,3.3204855550606815,999,3.32,0,0.014625152430171939,0,0,0,0.04333652991840653,Time unstructured (slow response)
bold(F:~alpha[fixed]~(Maximal~Elevation)),5,Equal spacing,50,0,0.00869020863712152,3.3036342684174165,3.3366538078144945,3.3056968154970177,3.3343368883196836,3.3201666329619655,1000,3.32,0,0.005019065119446331,0,0,0,0.033019539397078024,Time unstructured (slow response)
bold(F:~alpha[fixed]~(Maximal~Elevation)),5,Equal spacing,100,0,0.0063403655524982006,3.3080766602848937,3.332268781499391,3.3093427761232475,3.3306492323269237,3.3200900506638327,1000,3.32,0,0.0027123693925551274,0,0,0,0.02419212121449732,Time unstructured (slow response)
bold(F:~alpha[fixed]~(Maximal~Elevation)),5,Equal spacing,200,0,0.004472719374636648,3.3118928827025207,3.328918739758542,3.3129291294328413,3.327611454917919,3.320060784791457,1000,3.32,0,0.0018308672125633275,0,0,0,0.01702585705602111,Time unstructured (slow response)
bold(F:~alpha[fixed]~(Maximal~Elevation)),5,Equal spacing,500,0,0.0028289692054842878,3.3144815200971163,3.3253685764765795,3.315325498038262,3.324543358278222,3.319911380658387,989,3.32,0,0.0026692572774991608,0,0,0,0.01088705637946319,Time unstructured (slow response)
bold(F:~alpha[fixed]~(Maximal~Elevation)),5,Equal spacing,1000,0,0.0020748990154487042,3.315523243171417,3.3237287895185235,3.3163049714400814,3.3232135615917877,3.3198212059398973,975,3.32,0,0.005385363256101558,0,0,0,0.008205546347106463,Time unstructured (slow response)
bold(F:~alpha[fixed]~(Maximal~Elevation)),7,Equal spacing,30,0,0.011155050631848892,3.2985118891110563,3.3428411690623947,3.3019763628204863,3.3396520404831818,3.320312907790387,1000,3.32,0,0.009424933445390105,0,0,0,0.044329279951338396,Time unstructured (slow response)
bold(F:~alpha[fixed]~(Maximal~Elevation)),7,Equal spacing,50,0,0.008679850707181134,3.3025105775975594,3.3362035962465812,3.305531300139068,3.3335783490896547,3.319516039069623,1000,3.32,0,0.014577136457140323,0,0,0,0.033693018649021855,Time unstructured (slow response)
bold(F:~alpha[fixed]~(Maximal~Elevation)),7,Equal spacing,100,0,0.006002784152353933,3.308966677619558,3.332061533413728,3.3106385771514732,3.330405977104749,3.3200130928976685,1000,3.32,0,3.94364387611731e-4,0,0,0,0.0230948557941697,Time unstructured (slow response)
bold(F:~alpha[fixed]~(Maximal~Elevation)),7,Equal spacing,200,0,0.004225420929697687,3.3120123947483457,3.3280595562004254,3.313002276175554,3.3269236998927205,3.319850950312058,1000,3.32,0,0.0044894484319793915,0,0,0,0.016047161452079628,Time unstructured (slow response)
bold(F:~alpha[fixed]~(Maximal~Elevation)),7,Equal spacing,500,0,0.0025256296871173766,3.314891759708729,3.3246255553031547,3.315622862415384,3.3238714785856147,3.3198020842513776,995,3.32,0,0.005961317729586393,0,0,0,0.009733795594425665,Time unstructured (slow response)
bold(F:~alpha[fixed]~(Maximal~Elevation)),7,Equal spacing,1000,0,0.001928860835045423,3.315940192578192,3.32357146910704,3.3165098583460706,3.3229038580483508,3.3197854322086604,990,3.32,0,0.006462885281308351,0,0,0,0.007631276528848208,Time unstructured (slow response)
bold(F:~alpha[fixed]~(Maximal~Elevation)),9,Equal spacing,30,0,0.011007483416088185,3.298685785487846,3.340685914302037,3.3020711146756625,3.3382030347516016,3.320072613468925,1000,3.32,0,0.002187152678472489,0,0,0,0.042000128814190685,Time unstructured (slow response)
bold(F:~alpha[fixed]~(Maximal~Elevation)),9,Equal spacing,50,0,0.0077797005271690416,3.3055532737186923,3.3360783993224423,3.3072294574844934,3.333178302501837,3.3200841523616784,1000,3.32,0,0.002534709689113855,0,0,0,0.03052512560374998,Time unstructured (slow response)
bold(F:~alpha[fixed]~(Maximal~Elevation)),9,Equal spacing,100,0,0.005808313706463182,3.308080601690875,3.3308773027220187,3.3102284860913582,3.328889705555331,3.3195881577351423,1000,3.32,0,0.012404887495710119,0,0,0,0.02279670103114384,Time unstructured (slow response)
bold(F:~alpha[fixed]~(Maximal~Elevation)),9,Equal spacing,200,0,0.00405248759160254,3.3122425874856005,3.3282730727974856,3.3131772287218477,3.3270655216977585,3.320070758161626,1000,3.32,0,0.002131269928492137,0,0,0,0.016030485311885112,Time unstructured (slow response)
bold(F:~alpha[fixed]~(Maximal~Elevation)),9,Equal spacing,500,0,0.0026267119970077427,3.314462216818938,3.3247525038132952,3.3149402256985097,3.3238523075176722,3.3196650467733937,1000,3.32,0,0.01008895260861896,0,0,0,0.010290286994357078,Time unstructured (slow response)
bold(F:~alpha[fixed]~(Maximal~Elevation)),9,Equal spacing,1000,0,0.0018410484099492064,3.3162158879064374,3.323411380322787,3.316862177307602,3.3227360386783054,3.3197116775862483,1000,3.32,0,0.008684410052757245,0,0,0,0.007195492416349758,Time unstructured (slow response)
bold(F:~alpha[fixed]~(Maximal~Elevation)),11,Equal spacing,30,0,0.010423320934271578,3.3011998324456275,3.3411413328473807,3.3033825983590552,3.337312402473292,3.31979158617098,1000,3.32,0,0.006277524970473031,0,0,0,0.03994150040175315,Time unstructured (slow response)
bold(F:~alpha[fixed]~(Maximal~Elevation)),11,Equal spacing,50,0,0.008309577584940706,3.3038386770413197,3.3363556348629264,3.306737822872282,3.333416125735924,3.3198929470861955,1000,3.32,0,0.0032244853555513965,0,0,0,0.032516957821606685,Time unstructured (slow response)
bold(F:~alpha[fixed]~(Maximal~Elevation)),11,Equal spacing,100,0,0.0055607421103197555,3.308337470227786,3.330166650313361,3.3103284954217096,3.328412345607592,3.319679132079475,1000,3.32,0,0.00966469640134515,0,0,0,0.021829180085575217,Time unstructured (slow response)
bold(F:~alpha[fixed]~(Maximal~Elevation)),11,Equal spacing,200,0,0.004131087995961769,3.31113423116896,3.327537717124483,3.3125258423943755,3.326292822614769,3.3195831929590893,1000,3.32,0,0.012554428943087838,0,0,0,0.01640348595552288,Time unstructured (slow response)
bold(F:~alpha[fixed]~(Maximal~Elevation)),11,Equal spacing,500,0,0.002609210646969904,3.314555268196543,3.3244519668185992,3.315343912184496,3.32373561023079,3.3195879814245473,1000,3.32,0,0.01241019805580086,0,0,0,0.00989669862205611,Time unstructured (slow response)
bold(F:~alpha[fixed]~(Maximal~Elevation)),11,Equal spacing,1000,0,0.0018144317770911274,3.316261181055899,3.323253107356151,3.3167320829347244,3.3226686186565586,3.3196882024488983,1000,3.32,0,0.009391492503058912,0,0,0,0.006991926300251805,Time unstructured (slow response)
bold(H:~alpha[random]~(Maximal~Elevation)),5,Equal spacing,30,0,5.058609760357389e-4,0.03162277660168379,0.06673184533413028,0.031622776601692756,0.06371510400623806,0.04886024724969712,999,0.05,0,2.279505500605766,0,1,1,0.035109068732446486,Time unstructured (slow response)
bold(H:~alpha[random]~(Maximal~Elevation)),5,Equal spacing,50,0,5.058609760357389e-4,0.03276555384103372,0.06303784212053826,0.0349824854162634,0.060782290022786865,0.04880174526800792,1000,0.05,0,2.3965094639841618,0,1,1,0.03027228827950454,Time unstructured (slow response)
bold(H:~alpha[random]~(Maximal~Elevation)),5,Equal spacing,100,0,5.058609760357389e-4,0.039002687375446966,0.05908439807363502,0.04045697984173586,0.05754311824640269,0.04943539757087707,1000,0.05,0,1.1292048582458718,0,1,1,0.02008171069818805,Time unstructured (slow response)
bold(H:~alpha[random]~(Maximal~Elevation)),5,Equal spacing,200,0,5.058609760357389e-4,0.04135269042449405,0.056858035429418,0.04322233543471493,0.05570284054186984,0.049702719840903055,1000,0.05,0,0.5945603181938958,0,1,1,0.015505345004923954,Time unstructured (slow response)
bold(H:~alpha[random]~(Maximal~Elevation)),5,Equal spacing,500,0,5.058609760357389e-4,0.045278488590751724,0.0545032197892419,0.046164522276258634,0.05390017075842858,0.049921678477897975,989,0.05,0,0.15664304420405506,0,0,0,0.009224731198490176,Time unstructured (slow response)
bold(H:~alpha[random]~(Maximal~Elevation)),5,Equal spacing,1000,0,5.058609760357389e-4,0.04657382371835365,0.05322033353607215,0.047103290641972835,0.052602686320277245,0.04992471049818696,975,0.05,0,0.15057900362608345,0,0,0,0.006646509817718499,Time unstructured (slow response)
bold(H:~alpha[random]~(Maximal~Elevation)),7,Equal spacing,30,0,4.2189431010600416e-4,0.03162277660168379,0.06511006604078383,0.03381356533922729,0.06287221421978462,0.04892525128326454,1000,0.05,0,2.149497433470926,0,1,1,0.03348728943910004,Time unstructured (slow response)
bold(H:~alpha[random]~(Maximal~Elevation)),7,Equal spacing,50,0,4.2189431010600416e-4,0.03566929217405974,0.061248155294383703,0.0370781372736004,0.0595646024506522,0.04917257517848245,1000,0.05,0,1.6548496430351112,0,1,1,0.025578863120323966,Time unstructured (slow response)
bold(H:~alpha[random]~(Maximal~Elevation)),7,Equal spacing,100,0,4.2189431010600416e-4,0.0404600421978012,0.05836477084717403,0.04157798733661227,0.05726728472216777,0.04956354270049169,1000,0.05,0,0.8729145990166304,0,1,1,0.017904728649372828,Time unstructured (slow response)
bold(H:~alpha[random]~(Maximal~Elevation)),7,Equal spacing,200,0,4.2189431010600416e-4,0.04323234067639268,0.055950096868805456,0.04433692722903507,0.05533380105815814,0.049879712813301225,1000,0.05,0,0.24057437339755627,0,1,1,0.012717756192412777,Time unstructured (slow response)
bold(H:~alpha[random]~(Maximal~Elevation)),7,Equal spacing,500,0,4.2189431010600416e-4,0.04559587813975871,0.05408559596094081,0.04633878670567231,0.053497616512790294,0.049863222770808215,995,0.05,0,0.2735544583835764,0,0,0,0.008489717821182102,Time unstructured (slow response)
bold(H:~alpha[random]~(Maximal~Elevation)),7,Equal spacing,1000,0,4.2189431010600416e-4,0.047078753171948255,0.05277985359623923,0.04746719216947747,0.05234653034407141,0.04993795461547913,990,0.05,0,0.12409076904174032,0,0,0,0.005701100424290978,Time unstructured (slow response)
bold(H:~alpha[random]~(Maximal~Elevation)),9,Equal spacing,30,0,2.9534632969050915e-4,0.03277143010161175,0.06631104643404977,0.03483450528519009,0.0627075382771131,0.049148370271494324,1000,0.05,0,1.703259457011358,0,1,1,0.033539616332438016,Time unstructured (slow response)
bold(H:~alpha[random]~(Maximal~Elevation)),9,Equal spacing,50,0,2.9534632969050915e-4,0.037046481986995394,0.061757186313308385,0.03910019667120206,0.059587232147962035,0.049814017187140826,1000,0.05,0,0.371965625718354,0,1,1,0.02471070432631299,Time unstructured (slow response)
bold(H:~alpha[random]~(Maximal~Elevation)),9,Equal spacing,100,0,2.9534632969050915e-4,0.03963854313467985,0.05805975911035003,0.042149814002413265,0.0568558892679754,0.049592957297869236,1000,0.05,0,0.8140854042615331,0,1,1,0.01842121597567018,Time unstructured (slow response)
bold(H:~alpha[random]~(Maximal~Elevation)),9,Equal spacing,200,0,2.9534632969050915e-4,0.043625630883469116,0.05536353768669177,0.04436834295890987,0.05447708968548858,0.04956435890116735,1000,0.05,0,0.8712821976653018,0,1,1,0.011737906803222654,Time unstructured (slow response)
bold(H:~alpha[random]~(Maximal~Elevation)),9,Equal spacing,500,0,2.9534632969050915e-4,0.0458825649034838,0.05390887560973054,0.04649930794413188,0.05321572543312052,0.049897645860590215,1000,0.05,0,0.20470827881957643,0,0,0,0.008026310706246736,Time unstructured (slow response)
bold(H:~alpha[random]~(Maximal~Elevation)),9,Equal spacing,1000,0,2.9534632969050915e-4,0.04718380678102706,0.052706512671099104,0.04748837321493321,0.05223580561841168,0.049943802257972375,1000,0.05,0,0.11239548405525546,0,0,0,0.005522705890072047,Time unstructured (slow response)
bold(H:~alpha[random]~(Maximal~Elevation)),11,Equal spacing,30,0,4.45815821060265e-4,0.031895026284291104,0.062413686354579535,0.034089093167988506,0.06073966027163922,0.048787234577191856,1000,0.05,0,2.4255308456162945,0,1,1,0.03051866007028843,Time unstructured (slow response)
bold(H:~alpha[random]~(Maximal~Elevation)),11,Equal spacing,50,0,4.45815821060265e-4,0.03703741291285996,0.060390516175486485,0.039035346019934726,0.059016335902346936,0.04912655257016219,1000,0.05,0,1.746894859675621,0,1,1,0.023353103262626525,Time unstructured (slow response)
bold(H:~alpha[random]~(Maximal~Elevation)),11,Equal spacing,100,0,4.45815821060265e-4,0.04096228462035046,0.057992354551020066,0.04249492859834501,0.05618686605764952,0.049747611443054805,1000,0.05,0,0.504777113890395,0,1,1,0.017030069930669606,Time unstructured (slow response)
bold(H:~alpha[random]~(Maximal~Elevation)),11,Equal spacing,200,0,4.45815821060265e-4,0.043374027818703274,0.05550053945018047,0.04436103095861321,0.054712497077199405,0.04970238263367712,1000,0.05,0,0.5952347326457635,0,1,1,0.012126511631477196,Time unstructured (slow response)
bold(H:~alpha[random]~(Maximal~Elevation)),11,Equal spacing,500,0,4.45815821060265e-4,0.046232546887863754,0.05334006456543818,0.046769178807746566,0.05282608088801241,0.049868013150651,1000,0.05,0,0.2639736986980029,0,0,0,0.007107517677574428,Time unstructured (slow response)
bold(H:~alpha[random]~(Maximal~Elevation)),11,Equal spacing,1000,0,4.45815821060265e-4,0.047118560085120255,0.05263600941058368,0.04761501972440931,0.052150419484541966,0.049830459199375614,1000,0.05,0,0.33908160124877795,0,0,0,0.005517449325463428,Time unstructured (slow response)
bold(I~epsilon~(Error)),5,Equal spacing,30,0,4.955811671378599e-4,0.03970565153699277,0.05712531885429139,0.04095547082611669,0.05574486305512603,0.04862835262357623,999,0.05,0,2.7432947528475413,0,1,1,0.017419667317298618,Time unstructured (slow response)
bold(I~epsilon~(Error)),5,Equal spacing,50,0,4.955811671378599e-4,0.04219016916819757,0.055443020678810316,0.04312013260979436,0.054712682404503776,0.04928319276781823,1000,0.05,0,1.4336144643635473,0,1,1,0.01325285151061275,Time unstructured (slow response)
bold(I~epsilon~(Error)),5,Equal spacing,100,0,4.955811671378599e-4,0.0444667176227779,0.05421025426505484,0.04543101109492271,0.05345704807618782,0.049660667469300424,1000,0.05,0,0.6786650613991585,0,0,1,0.009743536642276937,Time unstructured (slow response)
bold(I~epsilon~(Error)),5,Equal spacing,200,0,4.955811671378599e-4,0.046431333845776794,0.05281860347710594,0.04699096016731376,0.05235683469965456,0.04967842982029144,1000,0.05,0,0.6431403594171214,0,0,0,0.006387269631329143,Time unstructured (slow response)
bold(I~epsilon~(Error)),5,Equal spacing,500,0,4.955811671378599e-4,0.0476309363228705,0.052042229370889884,0.04804195042773032,0.05168039779328323,0.04985448678781286,989,0.05,0,0.2910264243742855,0,0,0,0.004411293048019384,Time unstructured (slow response)
bold(I~epsilon~(Error)),5,Equal spacing,1000,0,4.955811671378599e-4,0.04835864746034222,0.051599972861515776,0.048656366593735574,0.05134630584599995,0.04998928784333257,975,0.05,0,0.021424313334864054,0,0,0,0.003241325401173556,Time unstructured (slow response)
bold(I~epsilon~(Error)),7,Equal spacing,30,0,2.498411244513411e-4,0.043012291642720725,0.05584397582329308,0.04382424342219597,0.054785804016227783,0.049350561524938046,1000,0.05,0,1.2988769501239146,0,1,1,0.012831684180572352,Time unstructured (slow response)
bold(I~epsilon~(Error)),7,Equal spacing,50,0,2.498411244513411e-4,0.04433541404903568,0.054459341659058684,0.0451631332034466,0.05381902442798157,0.04964507020236826,1000,0.05,0,0.7098595952634845,0,1,1,0.010123927610023002,Time unstructured (slow response)
bold(I~epsilon~(Error)),7,Equal spacing,100,0,2.498411244513411e-4,0.0460193028096805,0.0532125792842173,0.046593086396565696,0.05268518781834671,0.04976397493786434,1000,0.05,0,0.472050124271331,0,0,0,0.007193276474536797,Time unstructured (slow response)
bold(I~epsilon~(Error)),7,Equal spacing,200,0,2.498411244513411e-4,0.04732336481367736,0.0522644625963679,0.04768076574278849,0.051907506911898764,0.04987848930705518,1000,0.05,0,0.2430213858896496,0,0,0,0.004941097782690536,Time unstructured (slow response)
bold(I~epsilon~(Error)),7,Equal spacing,500,0,2.498411244513411e-4,0.04835952885169002,0.05152024050491815,0.048582736278668125,0.05129021909569952,0.04999972819780971,995,0.05,0,5.436043805789881e-4,0,0,0,0.003160711653228128,Time unstructured (slow response)
bold(I~epsilon~(Error)),7,Equal spacing,1000,0,2.498411244513411e-4,0.048800239642441144,0.051132922055205504,0.049043426450445016,0.050978342642159044,0.050006826623473305,990,0.05,0,0.013653246946604414,0,0,0,0.00233268241276436,Time unstructured (slow response)
bold(I~epsilon~(Error)),9,Equal spacing,30,0,2.2108582286420512e-4,0.04465827397961046,0.05462394426661551,0.045465879453200304,0.05369526554136062,0.04949722663241592,1000,0.05,0,1.0055467351681724,0,0,1,0.009965670287005048,Time unstructured (slow response)
bold(I~epsilon~(Error)),9,Equal spacing,50,0,2.2108582286420512e-4,0.04567180543558694,0.053906182657383686,0.04629928397471148,0.05315563490954425,0.04977637322140152,1000,0.05,0,0.4472535571969638,0,0,0,0.008234377221796749,Time unstructured (slow response)
bold(I~epsilon~(Error)),9,Equal spacing,100,0,2.2108582286420512e-4,0.047004852840230295,0.05299049128875954,0.04742006703306034,0.05241250724056212,0.04984955208367709,1000,0.05,0,0.30089583264582276,0,0,0,0.005985638448529243,Time unstructured (slow response)
bold(I~epsilon~(Error)),9,Equal spacing,200,0,2.2108582286420512e-4,0.04776290489486128,0.05197383027766979,0.04819680774558104,0.051695815867132885,0.05003288829366584,1000,0.05,0,0.06577658733167291,0,0,0,0.004210925382808511,Time unstructured (slow response)
bold(I~epsilon~(Error)),9,Equal spacing,500,0,2.2108582286420512e-4,0.048645432593268804,0.051381440406886365,0.04889462877850374,0.05117633921390371,0.050053806921111756,1000,0.05,0,0.10761384222350567,0,0,0,0.002736007813617561,Time unstructured (slow response)
bold(I~epsilon~(Error)),9,Equal spacing,1000,0,2.2108582286420512e-4,0.04913261424543167,0.0509538127764403,0.04927152207335116,0.050848548326230515,0.05006067914082418,1000,0.05,0,0.12135828164835938,0,0,0,0.001821198531008629,Time unstructured (slow response)
bold(I~epsilon~(Error)),11,Equal spacing,30,0,1.1477468870894003e-4,0.04486385151323549,0.05443159260792607,0.045666254143127055,0.05380509393417585,0.04978936813976066,1000,0.05,0,0.42126372047868177,0,0,1,0.00956774109469058,Time unstructured (slow response)
bold(I~epsilon~(Error)),11,Equal spacing,50,0,1.1477468870894003e-4,0.04634528853864355,0.053712796192589625,0.04679127877042943,0.05306462287482648,0.049876164528088504,1000,0.05,0,0.24767094382299737,0,0,0,0.007367507653946073,Time unstructured (slow response)
bold(I~epsilon~(Error)),11,Equal spacing,100,0,1.1477468870894003e-4,0.04746070741352903,0.052527324229351774,0.047878546939773545,0.05211911588967686,0.05001763069826248,1000,0.05,0,0.03526139652496041,0,0,0,0.005066616815822746,Time unstructured (slow response)
bold(I~epsilon~(Error)),11,Equal spacing,200,0,1.1477468870894003e-4,0.04832914718324797,0.051839988648397575,0.04858093881295013,0.05153070009152366,0.05005529094311147,1000,0.05,0,0.11058188622294074,0,0,0,0.003510841465149607,Time unstructured (slow response)
bold(I~epsilon~(Error)),11,Equal spacing,500,0,1.1477468870894003e-4,0.048859200491213346,0.05126392581896208,0.04906025654698173,0.05108034264581724,0.05005836822640703,1000,0.05,0,0.11673645281405631,0,0,0,0.0024047253277487343,Time unstructured (slow response)
bold(I~epsilon~(Error)),11,Equal spacing,1000,0,1.1477468870894003e-4,0.04926362258163426,0.05086590527965077,0.04940878171374622,0.05071142721808256,0.0500551553908051,1000,0.05,0,0.11031078161019559,0,0,0,0.0016022826980165092,Time unstructured (slow response)
bold(A:~beta[fixed]~(`Days-to-Halfway`~Elevation)),5,Equal spacing,30,0,4.153434249654598,170.394746651228,186.89970551868166,172.0949334349221,185.89921048631052,179.91690469329293,999,180,0,0.0461640592817029,0,0,0,16.504958867453666,Time unstructured (slow response)
bold(A:~beta[fixed]~(`Days-to-Halfway`~Elevation)),5,Equal spacing,50,0,4.687129260476917,172.92610499827424,185.4135026978897,174.1465358670257,184.79135524938775,179.86669683830442,1000,180,0,0.07405731205309962,0,0,0,12.487397699615457,Time unstructured (slow response)
bold(A:~beta[fixed]~(`Days-to-Halfway`~Elevation)),5,Equal spacing,100,0,2.272935712947514,175.30290952592327,184.17911251551757,176.00856507454387,183.60186283620143,179.97344176635224,1000,180,0,0.014754574248756726,0,0,0,8.876202989594304,Time unstructured (slow response)
bold(A:~beta[fixed]~(`Days-to-Halfway`~Elevation)),5,Equal spacing,200,0,1.6057246696243632,176.74042835444462,182.89760168749572,177.2041388786901,182.49893983868017,179.92118051897242,1000,180,0,0.043788600570877634,0,0,0,6.157173333051105,Time unstructured (slow response)
bold(A:~beta[fixed]~(`Days-to-Halfway`~Elevation)),5,Equal spacing,500,0,0.9904112896680243,177.94640749506294,181.89212336364,178.26344765564943,181.52538690335317,179.87226271654907,989,180,0,0.07096515747273695,0,0,0,3.9457158685770537,Time unstructured (slow response)
bold(A:~beta[fixed]~(`Days-to-Halfway`~Elevation)),5,Equal spacing,1000,0,0.7151337687982674,178.5261999217505,181.24491267034355,178.69343254847462,181.04892191486317,179.87606229604359,975,180,0,0.06885427997578593,0,0,0,2.718712748593049,Time unstructured (slow response)
bold(A:~beta[fixed]~(`Days-to-Halfway`~Elevation)),7,Equal spacing,30,0,3.657238362294901,172.5976786926129,186.92608572383918,174.07361891761144,185.96115453646428,180.0748496519194,1000,180,0,0.04158313995522652,0,0,0,14.328407031226277,Time unstructured (slow response)
bold(A:~beta[fixed]~(`Days-to-Halfway`~Elevation)),7,Equal spacing,50,0,2.780166353165399,174.10530299737817,185.3646243055856,175.24341927033106,184.49566255849913,179.9586678646559,1000,180,0,0.022962297413392382,0,0,0,11.259321308207433,Time unstructured (slow response)
bold(A:~beta[fixed]~(`Days-to-Halfway`~Elevation)),7,Equal spacing,100,0,1.8568298505969287,176.23893894405097,183.3605822896275,176.87906548393696,182.81078123940173,179.96006192210987,1000,180,0,0.022187821050070826,0,0,0,7.12164334557653,Time unstructured (slow response)
bold(A:~beta[fixed]~(`Days-to-Halfway`~Elevation)),7,Equal spacing,200,0,1.3182711400713862,177.29368059248236,182.55112577665275,177.73573130569753,182.10242312219003,179.9184143580714,1000,180,0,0.045325356626998804,0,0,0,5.257445184170393,Time unstructured (slow response)
bold(A:~beta[fixed]~(`Days-to-Halfway`~Elevation)),7,Equal spacing,500,0,0.837613228260705,178.21722505047015,181.54927482307548,178.50675059451584,181.2644378503992,179.91193230047196,995,180,0,0.04892649973779978,0,0,0,3.3320497726053304,Time unstructured (slow response)
bold(A:~beta[fixed]~(`Days-to-Halfway`~Elevation)),7,Equal spacing,1000,0,0.6165465955211173,178.72412406658344,181.11670794601622,178.91251919180928,180.9511070982612,179.93904724364157,990,180,0,0.03386264242135124,0,0,0,2.3925838794327774,Time unstructured (slow response)
bold(A:~beta[fixed]~(`Days-to-Halfway`~Elevation)),9,Equal spacing,30,0,3.1552075457704025,173.5595498740357,186.3739046757726,175.01369940505532,185.18333895300108,180.1707492040151,1000,180,0,0.09486066889727517,0,0,0,12.814354801736897,Time unstructured (slow response)
bold(A:~beta[fixed]~(`Days-to-Halfway`~Elevation)),9,Equal spacing,50,0,2.507138440200654,174.85814294463836,184.7020932291106,175.82137206471847,184.0872258081548,179.85966330604467,1000,180,0,0.07796482997518536,0,0,0,9.843950284472243,Time unstructured (slow response)
bold(A:~beta[fixed]~(`Days-to-Halfway`~Elevation)),9,Equal spacing,100,0,1.6985499782987827,176.56628835641374,183.14540848075765,177.1426615082125,182.6132722529666,179.8830370052378,1000,180,0,0.06497944153454999,0,0,0,6.579120124343916,Time unstructured (slow response)
bold(A:~beta[fixed]~(`Days-to-Halfway`~Elevation)),9,Equal spacing,200,0,1.266536902111489,177.45781641063147,182.41246903735558,177.76896118698087,182.05228339343407,179.9709840642356,1000,180,0,0.01611996431355086,0,0,0,4.954652626724112,Time unstructured (slow response)
bold(A:~beta[fixed]~(`Days-to-Halfway`~Elevation)),9,Equal spacing,500,0,0.7896107781183832,178.46154774428547,181.46981872253664,178.66166046914861,181.25601871734725,179.95359053490466,1000,180,0,0.02578303616407614,0,0,0,3.0082709782511756,Time unstructured (slow response)
bold(A:~beta[fixed]~(`Days-to-Halfway`~Elevation)),9,Equal spacing,1000,0,0.5474271132275715,178.9047734145498,181.09839214383297,179.09776532809954,180.93984127201145,179.97827040175986,1000,180,0,0.012071999022301346,0,0,0,2.1936187292831733,Time unstructured (slow response)
bold(A:~beta[fixed]~(`Days-to-Halfway`~Elevation)),11,Equal spacing,30,0,3.030959223331801,173.98871395983684,185.79702517996245,174.95894118748325,184.78574760971182,179.92598921055625,1000,180,0,0.0411171052465262,0,0,0,11.808311220125603,Time unstructured (slow response)
bold(A:~beta[fixed]~(`Days-to-Halfway`~Elevation)),11,Equal spacing,50,0,2.3723419540813366,175.67049980312092,184.93358938820955,176.23841187289386,184.21695751672488,180.20101521270357,1000,180,0,0.11167511816864817,0,0,0,9.263089585088636,Time unstructured (slow response)
bold(A:~beta[fixed]~(`Days-to-Halfway`~Elevation)),11,Equal spacing,100,0,1.6401417462543804,176.76810811706835,183.14385633864396,177.344602894553,182.58675314017074,179.94320129354963,1000,180,0,0.031554836916869694,0,0,0,6.375748221575606,Time unstructured (slow response)
bold(A:~beta[fixed]~(`Days-to-Halfway`~Elevation)),11,Equal spacing,200,0,1.1657936487682197,177.57604604538523,182.07961772679943,178.01716314069705,181.8252223806006,179.9705734221959,1000,180,0,0.016348098780048937,0,0,0,4.503571681414201,Time unstructured (slow response)
bold(A:~beta[fixed]~(`Days-to-Halfway`~Elevation)),11,Equal spacing,500,0,0.7127029351364941,178.55332282474495,181.35376597016358,178.78458367414459,181.1479790273828,179.98678368465,1000,180,0,0.007342397416670742,0,0,0,2.800443145418626,Time unstructured (slow response)
bold(A:~beta[fixed]~(`Days-to-Halfway`~Elevation)),11,Equal spacing,1000,0,0.5269412758571624,178.96131413255097,180.9713489856413,179.11325628852734,180.810177794749,179.99429001085377,1000,180,0,0.003172216192347656,0,0,0,2.010034853090332,Time unstructured (slow response)
bold(C:~beta[random]~(`Days-to-Halfway`~Elevation)),5,Equal spacing,30,0,0.14217886031119975,1,22.153437342307875,1,19.29546270406927,10.697386365614587,999,10,0,6.973863656145873,0,1,1,21.153437342307875,Time unstructured (slow response)
bold(C:~beta[random]~(`Days-to-Halfway`~Elevation)),5,Equal spacing,50,0,0.14217886031119975,1,19.563486784574355,1,17.948874349166914,10.40023704067638,1000,10,0,4.002370406763802,0,1,1,18.563486784574355,Time unstructured (slow response)
bold(C:~beta[random]~(`Days-to-Halfway`~Elevation)),5,Equal spacing,100,0,0.14217886031119975,1.9942705479778293,16.72184958238111,3.532136812637415,15.540698846197524,10.351156200916748,1000,10,0,3.511562009167477,0,1,1,14.727579034403282,Time unstructured (slow response)
bold(C:~beta[random]~(`Days-to-Halfway`~Elevation)),5,Equal spacing,200,0,0.14217886031119975,5.617629675900599,14.953910224972669,6.15991461326893,14.24019398291846,10.503154248915385,1000,10,0,5.031542489153846,0,1,1,9.33628054907207,Time unstructured (slow response)
bold(C:~beta[random]~(`Days-to-Halfway`~Elevation)),5,Equal spacing,500,0,0.14217886031119975,7.495782678329152,13.468383648466485,8.093822872495283,12.96406241550608,10.661069688048693,989,10,0,6.6106968804869295,0,1,1,5.972600970137333,Time unstructured (slow response)
bold(C:~beta[random]~(`Days-to-Halfway`~Elevation)),5,Equal spacing,1000,0,0.14217886031119975,8.326542266376697,12.722851756351364,8.63903979959297,12.33904031916753,10.611636922989957,975,10,0,6.116369229899572,0,1,1,4.3963094899746675,Time unstructured (slow response)
bold(C:~beta[random]~(`Days-to-Halfway`~Elevation)),7,Equal spacing,30,0,0.10495304151738671,1,17.726483903519373,1,16.400733473309064,10.322466447058895,1000,10,0,3.224664470588952,0,1,1,16.726483903519373,Time unstructured (slow response)
bold(C:~beta[random]~(`Days-to-Halfway`~Elevation)),7,Equal spacing,50,0,0.10495304151738671,1,16.16876424138805,1.3848292974585361,15.406230605011741,10.323434836314314,1000,10,0,3.2343483631431447,0,1,1,15.16876424138805,Time unstructured (slow response)
bold(C:~beta[random]~(`Days-to-Halfway`~Elevation)),7,Equal spacing,100,0,0.10495304151738671,4.217423669401396,14.97153602019147,5.655921427885814,14.219354865204586,10.327245571570348,1000,10,0,3.2724557157034795,0,1,1,10.754112350790074,Time unstructured (slow response)
bold(C:~beta[random]~(`Days-to-Halfway`~Elevation)),7,Equal spacing,200,0,0.10495304151738671,6.6391592586938994,13.448628266593765,7.306782076496452,13.153317963747007,10.517501023359225,1000,10,0,5.17501023359225,0,1,1,6.809469007899866,Time unstructured (slow response)
bold(C:~beta[random]~(`Days-to-Halfway`~Elevation)),7,Equal spacing,500,0,0.10495304151738671,8.169555162179511,12.584973793836278,8.599362195615011,12.30154853728314,10.525333702676999,995,10,0,5.253337026769991,0,1,1,4.415418631656767,Time unstructured (slow response)
bold(C:~beta[random]~(`Days-to-Halfway`~Elevation)),7,Equal spacing,1000,0,0.10495304151738671,9.016919211373096,11.882421061476375,9.27570436443033,11.638622237298918,10.503863349387585,990,10,0,5.038633493875846,0,1,1,2.8655018501032785,Time unstructured (slow response)
bold(C:~beta[random]~(`Days-to-Halfway`~Elevation)),9,Equal spacing,30,0,0.11523609021043195,1,16.94428240073818,1,15.701417135974042,10.115381920513174,1000,10,0,1.153819205131743,0,1,1,15.944282400738182,Time unstructured (slow response)
bold(C:~beta[random]~(`Days-to-Halfway`~Elevation)),9,Equal spacing,50,0,0.11523609021043195,1.0000000000000213,15.322507740089316,3.832880104966156,14.615504270213028,10.260649235011345,1000,10,0,2.606492350113445,0,1,1,14.322507740089295,Time unstructured (slow response)
bold(C:~beta[random]~(`Days-to-Halfway`~Elevation)),9,Equal spacing,100,0,0.11523609021043195,5.260791274685951,14.21269584063966,6.33493474520451,13.521091490071067,10.430820367002374,1000,10,0,4.30820367002374,0,1,1,8.951904565953708,Time unstructured (slow response)
bold(C:~beta[random]~(`Days-to-Halfway`~Elevation)),9,Equal spacing,200,0,0.11523609021043195,7.113267865141052,13.079689453215117,7.764536461108996,12.552686682985415,10.319112008376736,1000,10,0,3.1911200837673626,0,1,1,5.966421588074065,Time unstructured (slow response)
bold(C:~beta[random]~(`Days-to-Halfway`~Elevation)),9,Equal spacing,500,0,0.11523609021043195,8.387189843923826,12.23708736210204,8.793387876304159,11.867007487632508,10.395891399444496,1000,10,0,3.958913994444959,0,1,1,3.8498975181782136,Time unstructured (slow response)
bold(C:~beta[random]~(`Days-to-Halfway`~Elevation)),9,Equal spacing,1000,0,0.11523609021043195,9.042851798275448,11.62621543497288,9.254965018133294,11.443945083339614,10.375242088317494,1000,10,0,3.752420883174938,0,1,1,2.583363636697431,Time unstructured (slow response)
bold(C:~beta[random]~(`Days-to-Halfway`~Elevation)),11,Equal spacing,30,0,0.08993943651428317,1,16.718658081798512,1.0000000000000009,15.669899733474688,10.105442264157785,1000,10,0,1.0544226415778546,0,1,1,15.718658081798512,Time unstructured (slow response)
bold(C:~beta[random]~(`Days-to-Halfway`~Elevation)),11,Equal spacing,50,0,0.08993943651428317,3.1018012593431767,14.906836009433963,4.678022631343892,13.934175220727383,10.1997438434418,1000,10,0,1.9974384344179974,0,1,1,11.805034750090787,Time unstructured (slow response)
bold(C:~beta[random]~(`Days-to-Halfway`~Elevation)),11,Equal spacing,100,0,0.08993943651428317,6.016148070664846,13.806381442423566,6.869585609932733,13.282473217537804,10.33804205762069,1000,10,0,3.3804205762069017,0,1,1,7.79023337175872,Time unstructured (slow response)
bold(C:~beta[random]~(`Days-to-Halfway`~Elevation)),11,Equal spacing,200,0,0.08993943651428317,7.258238407091586,12.6886761731673,7.857401388519689,12.334884045799722,10.31007727293835,1000,10,0,3.1007727293835075,0,1,1,5.430437766075714,Time unstructured (slow response)
bold(C:~beta[random]~(`Days-to-Halfway`~Elevation)),11,Equal spacing,500,0,0.08993943651428317,8.568135521618979,11.781354251566537,8.826825997511271,11.592510994755358,10.274890555253538,1000,10,0,2.7489055525353834,0,1,1,3.213218729947558,Time unstructured (slow response)
bold(C:~beta[random]~(`Days-to-Halfway`~Elevation)),11,Equal spacing,1000,0,0.08993943651428317,9.137180087990417,11.431282475041861,9.353534180006363,11.288437313194674,10.324158634529136,1000,10,0,3.2415863452913563,0,1,1,2.294102387051444,Time unstructured (slow response)
"bold(B:~gamma[fixed] ~ (`Triquarter-Halfway` ~ ""Delta""))",5,Equal spacing,30,0,7.061947762010527,7.641255761186072,33.654656921980525,8.982928981288994,31.66192842166456,20.576086571063342,999,20,0,2.8804328553167124,0,1,1,26.01340116079445,Time unstructured (slow response)
"bold(B:~gamma[fixed] ~ (`Triquarter-Halfway` ~ ""Delta""))",5,Equal spacing,50,0,5.745603132029887,9.368504751595692,31.487064033816562,10.838254620883886,29.81357440099922,20.64100508951686,1000,20,0,3.2050254475842976,0,1,1,22.118559282220872,Time unstructured (slow response)
"bold(B:~gamma[fixed] ~ (`Triquarter-Halfway` ~ ""Delta""))",5,Equal spacing,100,0,4.325326767090967,11.96653489994924,28.33529491826053,12.795736162610336,27.316912764377307,20.75888482832639,1000,20,0,3.794424141631954,0,1,1,16.368760018311292,Time unstructured (slow response)
"bold(B:~gamma[fixed] ~ (`Triquarter-Halfway` ~ ""Delta""))",5,Equal spacing,200,0,3.01158835906693,14.377493997984192,26.28000392144438,15.397456370132803,25.481865279128762,20.861732834348047,1000,20,0,4.308664171740233,0,1,1,11.902509923460187,Time unstructured (slow response)
"bold(B:~gamma[fixed] ~ (`Triquarter-Halfway` ~ ""Delta""))",5,Equal spacing,500,0,1.8958287623324468,16.734517498483108,24.451711875502454,17.674105402623056,23.854489848087532,20.900115051233374,989,20,0,4.500575256166872,0,1,1,7.7171943770193465,Time unstructured (slow response)
"bold(B:~gamma[fixed] ~ (`Triquarter-Halfway` ~ ""Delta""))",5,Equal spacing,1000,0,1.3901396260791623,17.931417451518705,23.43360783856334,18.48082683341346,23.007315416029677,20.93817757843279,975,20,0,4.690887892163946,0,1,1,5.502190387044635,Time unstructured (slow response)
"bold(B:~gamma[fixed] ~ (`Triquarter-Halfway` ~ ""Delta""))",7,Equal spacing,30,0,3.9951356860228238,9.72951539725973,27.600534392399148,13.581418758307981,26.628961389600057,20.54601138298207,1000,20,0,2.730056914910346,0,1,1,17.871018995139416,Time unstructured (slow response)
"bold(B:~gamma[fixed] ~ (`Triquarter-Halfway` ~ ""Delta""))",7,Equal spacing,50,0,2.808471665125551,14.944509471060709,25.664305314647983,16.28590282998291,25.03420710876593,20.678401353223894,1000,20,0,3.3920067661194686,0,1,1,10.719795843587274,Time unstructured (slow response)
"bold(B:~gamma[fixed] ~ (`Triquarter-Halfway` ~ ""Delta""))",7,Equal spacing,100,0,1.8176343197596707,17.236230117900938,24.312594345924182,17.84390911607799,23.834628888157212,20.731543884050506,1000,20,0,3.6577194202525294,0,1,1,7.076364228023245,Time unstructured (slow response)
"bold(B:~gamma[fixed] ~ (`Triquarter-Halfway` ~ ""Delta""))",7,Equal spacing,200,0,1.2942436505505002,18.34441269271043,23.35166962695649,18.650291901441655,22.978451641712244,20.871601746129357,1000,20,0,4.358008730646787,0,1,1,5.007256934246058,Time unstructured (slow response)
"bold(B:~gamma[fixed] ~ (`Triquarter-Halfway` ~ ""Delta""))",7,Equal spacing,500,0,0.7613022217364317,19.346617488477186,22.30539105207979,19.525217446793306,22.08061533637193,20.812081977926226,995,20,0,4.060409889631131,0,0,1,2.9587735636026053,Time unstructured (slow response)
"bold(B:~gamma[fixed] ~ (`Triquarter-Halfway` ~ ""Delta""))",7,Equal spacing,1000,0,0.5582269733299522,19.633293523513924,21.844833525141055,19.8140687868083,21.683079682183273,20.783957498939,990,20,0,3.919787494694997,0,0,0,2.2115400016271316,Time unstructured (slow response)
"bold(B:~gamma[fixed] ~ (`Triquarter-Halfway` ~ ""Delta""))",9,Equal spacing,30,0,2.5145982755995937,15.91104269523259,25.819780121369824,16.570734558042226,24.808066626977517,20.69262907359025,1000,20,0,3.463145367951252,0,1,1,9.908737426137234,Time unstructured (slow response)
"bold(B:~gamma[fixed] ~ (`Triquarter-Halfway` ~ ""Delta""))",9,Equal spacing,50,0,1.936229333897697,16.96247147049913,24.450523024951693,17.592724702416806,23.897274288738757,20.67603295747256,1000,20,0,3.380164787362805,0,1,1,7.488051554452564,Time unstructured (slow response)
"bold(B:~gamma[fixed] ~ (`Triquarter-Halfway` ~ ""Delta""))",9,Equal spacing,100,0,1.3715760305337987,17.988845667653955,23.42606151396366,18.411638269248918,22.895874320056798,20.689393424483377,1000,20,0,3.4469671224168863,0,1,1,5.437215846309705,Time unstructured (slow response)
"bold(B:~gamma[fixed] ~ (`Triquarter-Halfway` ~ ""Delta""))",9,Equal spacing,200,0,0.9581463209859706,18.928717765486454,22.60375608072165,19.133727373516706,22.286182877826683,20.73685297085103,1000,20,0,3.684264854255144,0,0,1,3.675038315235195,Time unstructured (slow response)
"bold(B:~gamma[fixed] ~ (`Triquarter-Halfway` ~ ""Delta""))",9,Equal spacing,500,0,0.5936418891929055,19.556924456817953,21.875434578049195,19.771271682361427,21.67347013983302,20.701634454110646,1000,20,0,3.5081722705532314,0,0,0,2.318510121231242,Time unstructured (slow response)
"bold(B:~gamma[fixed] ~ (`Triquarter-Halfway` ~ ""Delta""))",9,Equal spacing,1000,0,0.43879390451691364,19.858903758277492,21.58280979280224,20.0171604721976,21.429251850004857,20.72907943688114,1000,20,0,3.6453971844056987,0,0,0,1.7239060345247488,Time unstructured (slow response)
"bold(B:~gamma[fixed] ~ (`Triquarter-Halfway` ~ ""Delta""))",11,Equal spacing,30,0,2.256756945197818,16.40697725793576,25.102292808346473,17.115282371693326,24.48701937759934,20.66127988570391,1000,20,0,3.306399428519544,0,1,1,8.695315550410712,Time unstructured (slow response)
"bold(B:~gamma[fixed] ~ (`Triquarter-Halfway` ~ ""Delta""))",11,Equal spacing,50,0,1.6557655963328413,17.57544101646403,24.02843474653638,18.157212856778735,23.4703778503591,20.774314914865354,1000,20,0,3.8715745743267678,0,1,1,6.45299373007235,Time unstructured (slow response)
"bold(B:~gamma[fixed] ~ (`Triquarter-Halfway` ~ ""Delta""))",11,Equal spacing,100,0,1.210731343609509,18.468619586374214,23.31628502312601,18.782728905789337,22.7921366552361,20.689014862110028,1000,20,0,3.4450743105501407,0,1,1,4.847665436751797,Time unstructured (slow response)
"bold(B:~gamma[fixed] ~ (`Triquarter-Halfway` ~ ""Delta""))",11,Equal spacing,200,0,0.816061049931997,19.059441405406606,22.302035721002216,19.35575970981268,22.02069743001887,20.688303011943475,1000,20,0,3.4415150597173745,0,0,1,3.2425943155956105,Time unstructured (slow response)
"bold(B:~gamma[fixed] ~ (`Triquarter-Halfway` ~ ""Delta""))",11,Equal spacing,500,0,0.5275390798784133,19.703855663001576,21.79295469248763,19.84352910537918,21.545912943157344,20.672490029073174,1000,20,0,3.3624501453658695,0,0,0,2.0890990294860536,Time unstructured (slow response)
"bold(B:~gamma[fixed] ~ (`Triquarter-Halfway` ~ ""Delta""))",11,Equal spacing,1000,0,0.3644531284337671,19.979277896965954,21.437968762166296,20.094987109230633,21.265356452424736,20.68543625191162,1000,20,0,3.4271812595581075,0,0,0,1.4586908652003423,Time unstructured (slow response)
"bold(D:~gamma[random] ~ (`Triquarter-Halfway` ~ ""Delta""))",5,Equal spacing,30,0,2.3432142691542963,1,27.507221176434616,1,23.547213830449788,11.122073499987074,999,4,0,178.05183749967685,1,1,1,26.507221176434616,Time unstructured (slow response)
"bold(D:~gamma[random] ~ (`Triquarter-Halfway` ~ ""Delta""))",5,Equal spacing,50,0,2.3432142691542963,1,23.900188885636993,1,20.99458099387694,9.822662905886444,1000,4,0,145.5665726471611,1,1,1,22.900188885636993,Time unstructured (slow response)
"bold(D:~gamma[random] ~ (`Triquarter-Halfway` ~ ""Delta""))",5,Equal spacing,100,0,2.3432142691542963,1,19.29603812509673,1,17.448295386967324,8.507529143619081,1000,4,0,112.68822859047702,1,1,1,18.29603812509673,Time unstructured (slow response)
"bold(D:~gamma[random] ~ (`Triquarter-Halfway` ~ ""Delta""))",5,Equal spacing,200,0,2.3432142691542963,1,14.601304998400005,1,13.47305069831664,6.8621541957429075,1000,4,0,71.55385489357269,1,1,1,13.601304998400005,Time unstructured (slow response)
"bold(D:~gamma[random] ~ (`Triquarter-Halfway` ~ ""Delta""))",5,Equal spacing,500,0,2.3432142691542963,1,11.910174423535357,1,11.06375517884839,5.781243209187713,989,4,0,44.53108022969283,1,1,1,10.910174423535357,Time unstructured (slow response)
"bold(D:~gamma[random] ~ (`Triquarter-Halfway` ~ ""Delta""))",5,Equal spacing,1000,0,2.3432142691542963,1,10.179094661015636,1,9.283064896773158,5.171914226363385,975,4,0,29.297855659084625,1,1,1,9.179094661015636,Time unstructured (slow response)
"bold(D:~gamma[random] ~ (`Triquarter-Halfway` ~ ""Delta""))",7,Equal spacing,30,0,1.0239159605627477,1,15.371078988696121,1,13.65602923815987,6.677320850328183,1000,4,0,66.93302125820458,1,1,1,14.371078988696121,Time unstructured (slow response)
"bold(D:~gamma[random] ~ (`Triquarter-Halfway` ~ ""Delta""))",7,Equal spacing,50,0,1.0239159605627477,1,12.728080455931382,1,11.62624801279767,5.934760525042016,1000,4,0,48.3690131260504,1,1,1,11.728080455931382,Time unstructured (slow response)
"bold(D:~gamma[random] ~ (`Triquarter-Halfway` ~ ""Delta""))",7,Equal spacing,100,0,1.0239159605627477,1,10.453192605586061,1,9.608705505378227,5.143656237407648,1000,4,0,28.591405935191204,1,1,1,9.453192605586061,Time unstructured (slow response)
"bold(D:~gamma[random] ~ (`Triquarter-Halfway` ~ ""Delta""))",7,Equal spacing,200,0,1.0239159605627477,1,8.99341053902459,1,8.309432665641763,4.742552144123037,1000,4,0,18.563803603075925,1,1,1,7.993410539024589,Time unstructured (slow response)
"bold(D:~gamma[random] ~ (`Triquarter-Halfway` ~ ""Delta""))",7,Equal spacing,500,0,1.0239159605627477,1,7.317605220723147,1,6.8587274938299165,4.110797276332726,995,4,0,2.7699319083181573,0,1,1,6.317605220723147,Time unstructured (slow response)
"bold(D:~gamma[random] ~ (`Triquarter-Halfway` ~ ""Delta""))",7,Equal spacing,1000,0,1.0239159605627477,1,6.6636204130443915,1,6.382496885034489,4.1242843340487765,990,4,0,3.107108351219412,0,1,1,5.6636204130443915,Time unstructured (slow response)
"bold(D:~gamma[random] ~ (`Triquarter-Halfway` ~ ""Delta""))",9,Equal spacing,30,0,0.4596596232185348,1,11.257822017733458,1,10.111181307581779,5.220183302087759,1000,4,0,30.50458255219397,1,1,1,10.257822017733458,Time unstructured (slow response)
"bold(D:~gamma[random] ~ (`Triquarter-Halfway` ~ ""Delta""))",9,Equal spacing,50,0,0.4596596232185348,1,9.69082357048414,1,8.842370237254968,4.767793037174423,1000,4,0,19.19482592936057,1,1,1,8.69082357048414,Time unstructured (slow response)
"bold(D:~gamma[random] ~ (`Triquarter-Halfway` ~ ""Delta""))",9,Equal spacing,100,0,0.4596596232185348,1,8.315137577638033,1,7.86494970865316,4.526027609137914,1000,4,0,13.150690228447859,1,1,1,7.315137577638033,Time unstructured (slow response)
"bold(D:~gamma[random] ~ (`Triquarter-Halfway` ~ ""Delta""))",9,Equal spacing,200,0,0.4596596232185348,1,7.353084959814874,1,7.017384330669508,4.242586209266534,1000,4,0,6.064655231663352,0,1,1,6.353084959814874,Time unstructured (slow response)
"bold(D:~gamma[random] ~ (`Triquarter-Halfway` ~ ""Delta""))",9,Equal spacing,500,0,0.4596596232185348,1,6.274089133342939,1,5.935134126042206,4.05447741778039,1000,4,0,1.3619354445097542,0,1,1,5.274089133342939,Time unstructured (slow response)
"bold(D:~gamma[random] ~ (`Triquarter-Halfway` ~ ""Delta""))",9,Equal spacing,1000,0,0.4596596232185348,1.000000000000001,5.6959265369652385,1.780988777607447,5.467501666510968,4.048426765564712,1000,4,0,1.2106691391178037,0,1,1,4.695926536965238,Time unstructured (slow response)
"bold(D:~gamma[random] ~ (`Triquarter-Halfway` ~ ""Delta""))",11,Equal spacing,30,0,0.32887767768002346,1,9.917174053871015,1,8.956899837419884,4.787422509022675,1000,4,0,19.685562725566875,1,1,1,8.917174053871015,Time unstructured (slow response)
"bold(D:~gamma[random] ~ (`Triquarter-Halfway` ~ ""Delta""))",11,Equal spacing,50,0,0.32887767768002346,1,9.247306449025492,1,8.581078016754084,4.715416758995926,1000,4,0,17.885418974898148,1,1,1,8.247306449025492,Time unstructured (slow response)
"bold(D:~gamma[random] ~ (`Triquarter-Halfway` ~ ""Delta""))",11,Equal spacing,100,0,0.32887767768002346,1,7.71240948979097,1,7.157147934905891,4.318205452729532,1000,4,0,7.955136318238298,0,1,1,6.71240948979097,Time unstructured (slow response)
"bold(D:~gamma[random] ~ (`Triquarter-Halfway` ~ ""Delta""))",11,Equal spacing,200,0,0.32887767768002346,1,6.699082752646547,1,6.201429665230324,4.012651021125196,1000,4,0,0.31627552812989457,0,1,1,5.699082752646547,Time unstructured (slow response)
"bold(D:~gamma[random] ~ (`Triquarter-Halfway` ~ ""Delta""))",11,Equal spacing,500,0,0.32887767768002346,1.0909634742303618,5.89075585845252,1.919530271901863,5.652050188940803,4.136579289930959,1000,4,0,3.4144822482739645,0,1,1,4.799792384222158,Time unstructured (slow response)
"bold(D:~gamma[random] ~ (`Triquarter-Halfway` ~ ""Delta""))",11,Equal spacing,1000,0,0.32887767768002346,2.134876134832598,5.429551688118733,2.5415403625091417,5.263050061771472,4.11417924774684,1000,4,0,2.854481193670999,0,1,1,3.2946755532861345,Time unstructured (slow response)
