parameter,number_measurements,measurement_spacing,midpoint,bias,num_removed_values,lower_ci,upper_ci,lower_ci_perc,upper_ci_perc,sd_estimate,estimate,num_converged_values,pop_value,perc_error,conv_fail
theta_fixed,5,Equal,80,0.08183032277086967,0,2.9846877416052173,3.0118628683470927,-1.5312258394782852,1.1862868347092623,0.006980357749256678,2.999428795072322,995,3,0.019040164255927174,0
theta_fixed,5,Equal,180,0.002702607044508884,0,2.992174216323881,3.007368826153914,-0.7825783676119058,0.7368826153914143,0.003946154911893458,2.9999893350939364,967,3,3.5549686878688647e-4,0
theta_fixed,5,Equal,280,0.011406068090732874,0,2.9924095298387527,3.0067630447716143,-0.7590470161247032,0.6763044771614046,0.003633744814890717,2.999958553259217,981,3,0.0013815580260997016,0
theta_fixed,5,Time increasing,80,-0.11412611045443598,0,2.991085266331375,3.0095634322747675,-0.8914733668624442,0.9563432274767302,0.00480112944938014,3.000547934229846,1000,3,-0.01826447432820011,0
theta_fixed,5,Time increasing,180,-0.03716832121391322,0,2.9925927058081196,3.006533813909493,-0.7407294191879998,0.653381390949289,0.0036213681129052353,3.0001346001732543,1000,3,-0.004486672441809484,0
theta_fixed,5,Time increasing,280,0.010233694691049604,0,2.993161143559977,3.006918974429107,-0.6838856440023189,0.6918974429106939,0.003548620931330286,2.9999636844968145,936,3,0.0012105167728500752,0
theta_fixed,5,Time decreasing,80,0.37694971912936687,22,2.9545460710056823,3.013547166798652,-4.545392899431771,1.3547166798652088,0.016255328459047085,2.9938725585030066,968,3,0.20424804989978007,0
theta_fixed,5,Time decreasing,180,-0.03735152814024701,7,2.9924014822514318,3.0082968954658087,-0.7598517748568179,0.8296895465808363,0.0038701743100899226,3.000144556924651,983,3,-0.004818564155032826,0
theta_fixed,5,Time decreasing,280,-0.04867555835444533,1,2.992994383217981,3.0073732143000846,-0.7005616782019053,0.7373214300084362,0.003671795986382766,3.000178726719801,880,3,-0.005957557326693083,0
theta_fixed,5,Middle-and-extreme,80,0.4762122682293185,11,2.947609713390799,3.0131122239086103,-5.23902866092012,1.3112223908610334,0.017708055925356004,2.9915672065218546,968,3,0.2810931159381802,0
theta_fixed,5,Middle-and-extreme,180,-0.06897584453352637,1,2.992799222144143,3.0077959564026324,-0.7200777855856932,0.7795956402632238,0.003817567008887875,3.0002633199085014,949,3,-0.008777330283378976,0
theta_fixed,5,Middle-and-extreme,280,-0.12885005102654762,17,2.9932115952943383,3.0082559617164484,-0.6788404705661799,0.825596171644862,0.0038458582083345403,3.0004955390263848,820,3,-0.016517967546159085,0
theta_fixed,7,Equal,80,-0.20689290356221485,0,2.9921606958322484,3.0097069593878754,-0.7839304167751715,0.9706959387875636,0.004256616114718168,3.0008806636673238,1000,3,-0.029355455577458518,0
theta_fixed,7,Equal,180,-0.048041294004208486,0,2.9930856762293514,3.007604799875532,-0.6914323770648512,0.7604799875532284,0.003664094912099901,3.0001760278609315,993,3,-0.00586759536438386,0
theta_fixed,7,Equal,280,-0.08042517746838729,0,2.993024945208831,3.0068983562691023,-0.6975054791168944,0.6898356269102368,0.0034831685298109855,3.0002801344471624,990,3,-0.009337814905411673,0
theta_fixed,7,Time increasing,80,-0.2080013431594027,0,2.9934720467717555,3.0091086847028676,-0.6527953228244843,0.9108684702867671,0.003972281716637362,3.000826239932468,999,3,-0.027541331082270304,0
theta_fixed,7,Time increasing,180,-0.038230320762423727,0,2.992871440532373,3.00697909404247,-0.7128559467626883,0.697909404247028,0.0036357910544349992,3.000138997458236,1000,3,-0.0046332486078733606,0
theta_fixed,7,Time increasing,280,-0.055154337056270146,0,2.9934282258079006,3.006861526459937,-0.6571774192099511,0.6861526459937434,0.0034153994002441256,3.000188374089703,994,3,-0.006279136323428247,0
theta_fixed,7,Time decreasing,80,0.10857261527307786,0,2.988071614096818,3.0106774166891572,-1.192838590318178,1.0677416689157402,0.005711052950586286,2.999379936045192,994,3,0.020668798493606033,0
theta_fixed,7,Time decreasing,180,-0.05432318908610113,2,2.9931877605058896,3.0073032879383512,-0.6812239494110528,0.7303287938351055,0.003627138385426467,3.000197037724353,998,3,-0.0065679241450992505,0
theta_fixed,7,Time decreasing,280,-0.09651233132718974,0,2.992837850284242,3.0071500153286186,-0.7162149715757904,0.7150015328618864,0.003686709218421016,3.0003558129015953,976,3,-0.011860430053175126,0
theta_fixed,7,Middle-and-extreme,80,-0.09316085726087392,0,2.990971932941825,3.009516719516137,-0.9028067058175271,0.9516719516136973,0.004754943789041797,3.0004429746396144,991,3,-0.014765821320480063,0
theta_fixed,7,Middle-and-extreme,180,-0.07721156564963488,0,2.9932729254815675,3.0072860380502395,-0.6727074518432419,0.728603805023953,0.0036382029355800467,3.0002809113448072,997,3,-0.009363711493574439,0
theta_fixed,7,Middle-and-extreme,280,0.01748647143038083,1,2.992897245080255,3.0062999006697546,-0.7102754919745358,0.6299900669754649,0.0033720991066984868,2.9999410338853103,989,3,0.001965537156323194,0
theta_fixed,9,Equal,80,-0.2155894254194145,0,2.9920132430459567,3.00897277925877,-0.7986756954043273,0.8972779258769659,0.0042860582514691785,3.0009240288357484,996,3,-0.030800961191612686,0
theta_fixed,9,Equal,180,-0.05142701495021984,0,2.9935115827829666,3.0068481869421197,-0.6488417217033349,0.6848186942120037,0.0034704720791965487,3.000178476019501,999,3,-0.005949200650038714,0
theta_fixed,9,Equal,280,-0.04671082490251446,0,2.99338586485759,3.0070598582770254,-0.6614135142409716,0.7059858277025155,0.003509089226858159,3.000163912452443,996,3,-0.005463748414769043,0
theta_fixed,9,Time increasing,80,-0.24549061416269388,0,2.9930101953963173,3.0096261397300106,-0.6989804603682881,0.9626139730010496,0.004104251764868645,3.001007555286436,1000,3,-0.03358517621453079,0
theta_fixed,9,Time increasing,180,-0.12095018645437042,0,2.9933882253495616,3.0074596316865945,-0.6611774650438385,0.7459631686594692,0.0035132946758855907,3.0004249336461175,997,3,-0.014164454870583635,0
theta_fixed,9,Time increasing,280,-0.04473913872817222,0,2.993054956255316,3.0066063264030505,-0.694504374468421,0.6606326403050252,0.0034201406110019776,3.0001530141452655,999,3,-0.005100471508849106,0
theta_fixed,9,Time decreasing,80,-0.20570061245990343,0,2.9925388105406614,3.0089142265026747,-0.7461189459338669,0.8914226502674705,0.004221092802496459,3.0008682813747236,1000,3,-0.02894271249078706,0
theta_fixed,9,Time decreasing,180,-0.13885959484724805,3,2.9934032904376457,3.007325022995534,-0.6596709562354075,0.7325022995534168,0.0035933823165921427,3.0004989756126133,996,3,-0.016632520420441686,0
theta_fixed,9,Time decreasing,280,-0.08396660434731386,0,2.9936643002094163,3.007223575563467,-0.6335699790583793,0.7223575563467199,0.0034722220435725523,3.0002915506945387,991,3,-0.009718356484622603,0
theta_fixed,9,Middle-and-extreme,80,-0.11181754644476523,0,2.9925487510229316,3.0085748007883732,-0.7451248977068303,0.8574800788373427,0.004216305198588677,3.0004714569023685,997,3,-0.015715230078949816,0
theta_fixed,9,Middle-and-extreme,180,-0.044421046844247865,0,2.9927609682915803,3.0070674038098613,-0.7239031708419574,0.7067403809861439,0.003579465259469542,3.0001590035939683,997,3,-0.005300119798941813,0
theta_fixed,9,Middle-and-extreme,280,-0.018842590289542917,0,2.9931757616419032,3.006905733771772,-0.6824238358096513,0.6905733771771889,0.0034050710725079623,3.000064160359126,998,3,-0.002138678637534734,0
theta_fixed,11,Equal,80,-0.25614631066829374,0,2.9927211584184636,3.0089065819571217,-0.7278841581536366,0.8906581957121549,0.004093464899957827,3.0010485259319744,1000,3,-0.03495086439914512,0
theta_fixed,11,Equal,180,-0.09372090194330009,1,2.993396418276291,3.0074800950502674,-0.6603581723708807,0.7480095050267449,0.0035139005457728756,3.000329325928489,994,3,-0.01097753094962961,0
theta_fixed,11,Equal,280,-0.04257751023685701,1,2.99331689855912,3.006476595078323,-0.6683101440880079,0.6476595078323044,0.0034774236299470337,3.000148060040202,997,3,-0.004935334673398609,0
theta_fixed,11,Time increasing,80,-0.1400679458114878,0,2.992828456357928,3.008301640264912,-0.7171543642071732,0.8301640264911747,0.0038849120291966997,3.000544151647588,1000,3,-0.01813838825293068,0
theta_fixed,11,Time increasing,180,-0.11219071505433534,1,2.9934730851313285,3.0075238263145705,-0.6526914868671685,0.7523826314570103,0.003494925817736607,3.0003920982265537,997,3,-0.013069940885124254,0
theta_fixed,11,Time increasing,280,-0.07498757978939437,1,2.993478970634528,3.0066128111267845,-0.6521029365472364,0.6612811126784643,0.003400444485233819,3.000254991102156,996,3,-0.008499703405195902,0
theta_fixed,11,Time decreasing,80,0.010249189575747426,0,2.9916446233315765,3.0080420609705163,-0.8355376668423385,0.8042060970516247,0.004176520492844036,2.999957194049702,999,3,0.0014268650099384197,0
theta_fixed,11,Time decreasing,180,-0.10480414679361855,1,2.9935860691087544,3.0071831139951093,-0.6413930891245401,0.7183113995109268,0.0035056479282763457,3.000367406440082,996,3,-0.01224688133606063,0
theta_fixed,11,Time decreasing,280,-0.058832877664058356,2,2.993104041948267,3.0068735004288456,-0.6895958051732898,0.6873500428845268,0.003555394735857706,3.000209174103542,996,3,-0.006972470118071783,0
theta_fixed,11,Middle-and-extreme,80,-0.1993108540133848,0,2.9933095047926646,3.0085151319065853,-0.6690495207335267,0.8515131906585148,0.003901221292337357,3.000777555747471,1000,3,-0.025918524915698644,0
theta_fixed,11,Middle-and-extreme,180,-0.07407536719492186,0,2.9936031890509636,3.007012976480581,-0.6396810949036424,0.7012976480581017,0.0034130256845269057,3.000252821130827,994,3,-0.00842737102756767,0
theta_fixed,11,Middle-and-extreme,280,-0.027876531575217238,1,2.993427574431596,3.006438957880874,-0.6572425568403961,0.643895788087403,0.0034023889315574,3.0000948468024817,996,3,-0.0031615600827243164,0
theta_rand,5,Equal,80,0.1538301130350926,0,0.042694878981311545,0.0558799589107979,-0.7305121018688455,0.5879958910797894,0.003332485596695981,0.04948736336397244,995,0.05,1.0252732720551216,0
theta_rand,5,Equal,180,0.11283975898570388,5,0.04378463245943364,0.05505919785573855,-0.6215367540566358,0.5059197855738546,0.002919533701868234,0.04967056052073055,967,0.05,0.6588789585389027,0
theta_rand,5,Equal,280,0.045457777427476,0,0.04476411090909979,0.05504852352526686,-0.5235889090900214,0.5048523525266857,0.002601530274306793,0.049881740215819724,981,0.05,0.23651956836055754,0
theta_rand,5,Time increasing,80,0.15345290255767752,1,0.04409233761300788,0.05490770364329786,-0.5907662386992117,0.4907703643297862,0.0029234722831570567,0.04955138469260263,1000,0.05,0.8972306147947418,0
theta_rand,5,Time increasing,180,-0.011650788293722928,0,0.04497721553377165,0.05513292022038002,-0.5022784466228345,0.5132920220380017,0.002623386529256556,0.050030564521064975,1000,0.05,-0.06112904212994541,0
theta_rand,5,Time increasing,280,0.08778209354277604,0,0.044247581987783155,0.054759644071450134,-0.5752418012216842,0.4759644071450132,0.0026678492598536997,0.0497658106067135,936,0.05,0.4683787865730066,0
theta_rand,5,Time decreasing,80,0.2745280139860878,3,0.03162277660168379,0.05761037727037213,-1.8377223398316211,0.7610377270372131,0.005578360494709737,0.04846858377208889,968,0.05,3.0628324558222286,0
theta_rand,5,Time decreasing,180,0.07245980774746258,1,0.04389620608188158,0.055376698818894676,-0.610379391811843,0.5376698818894668,0.0029848093237489167,0.04978372129023832,983,0.05,0.4325574195233606,0
theta_rand,5,Time decreasing,280,0.037301019827764195,4,0.04434107649129649,0.05559937208796555,-0.5658923508703511,0.559937208796555,0.002814778003218278,0.0498950059098912,880,0.05,0.20998818021759902,0
theta_rand,5,Middle-and-extreme,80,0.30449951765746713,2,0.03162277660168379,0.057769384085639947,-1.8377223398316211,0.7769384085639943,0.005797480169728682,0.04823467008468889,968,0.05,3.530659830622229,0
theta_rand,5,Middle-and-extreme,180,0.11555745063437796,2,0.04380911464596051,0.055593313632582096,-0.619088535403949,0.5593313632582093,0.003086949068177489,0.049643280035443244,949,0.05,0.7134399291135185,0
theta_rand,5,Middle-and-extreme,280,0.07050146356156743,19,0.04503186061041649,0.054930908014989975,-0.49681393895835146,0.4930908014989972,0.002523454501598249,0.0498220927644063,820,0.05,0.3558144711874045,0
theta_rand,7,Equal,80,0.18985874314573553,1,0.04381761396581607,0.055382335685885145,-0.6182386034183934,0.5382335685885147,0.003036885064009511,0.0494234208186691,1000,0.05,1.1531583626618047,0
theta_rand,7,Equal,180,0.022771753014407918,2,0.04478622961914425,0.05496710740928785,-0.5213770380855751,0.49671074092878487,0.0026484992276126665,0.04993968902972996,993,0.05,0.12062194054009157,0
theta_rand,7,Equal,280,0.015929862883792743,0,0.04526017086755057,0.054955826849503654,-0.47398291324494357,0.4955826849503653,0.0025792498497629606,0.049958912903550236,990,0.05,0.08217419289953398,0
theta_rand,7,Time increasing,80,0.1828881448930556,0,0.04336309996200237,0.05553217053205038,-0.6636900037997632,0.5532170532050377,0.003100804523418075,0.049432899613036076,999,0.05,1.1342007739278541,0
theta_rand,7,Time increasing,180,0.1023835126682885,0,0.044777264907897504,0.054700832989789075,-0.5222735092102496,0.4700832989789068,0.0025592670328998257,0.04973797325131557,1000,0.05,0.5240534973688649,0
theta_rand,7,Time increasing,280,0.014783311800010992,0,0.04513997886227006,0.05467787760325966,-0.48600211377299485,0.46778776032596564,0.0025422433563469606,0.04996241722379162,994,0.05,0.07516555241676715,0
theta_rand,7,Time decreasing,80,0.11285024558771525,1,0.0430772534466883,0.05609922261906736,-0.6922746553311703,0.6099222619067348,0.003282129365763969,0.04962961089502289,994,0.05,0.740778209954232,0
theta_rand,7,Time decreasing,180,0.09380468819019995,1,0.0442123804887715,0.05535001700414728,-0.5787619511228506,0.5350017004147279,0.0029127197564750695,0.049726773231458424,998,0.05,0.546453537083158,0
theta_rand,7,Time decreasing,280,0.047184564917828097,0,0.044676060045871276,0.05545641871975515,-0.5323939954128729,0.5456418719755145,0.0027028445656064578,0.049872467455131346,976,0.05,0.25506508973731357,0
theta_rand,7,Middle-and-extreme,80,0.127088487489065,0,0.0433194121969268,0.055623161836903676,-0.6680587803073206,0.5623161836903678,0.0031192312857402887,0.0496035816137667,991,0.05,0.7928367724666097,0
theta_rand,7,Middle-and-extreme,180,0.07075587114520446,0,0.04448738514634106,0.055147723823711844,-0.5512614853658941,0.5147723823711841,0.0027025718801546483,0.04980877717228713,997,0.05,0.3824456554257505,0
theta_rand,7,Middle-and-extreme,280,0.13368810767084408,0,0.04491926338229813,0.054574711099238116,-0.5080736617701872,0.45747110992381124,0.0025361352074076437,0.04966094888332427,989,0.05,0.678102233351463,0
theta_rand,9,Equal,80,0.08919474085527405,0,0.04343951516199681,0.05564747186799242,-0.6560484838003191,0.5647471867992411,0.003117892981727576,0.049721900343480334,996,0.05,0.5561993130393378,0
theta_rand,9,Equal,180,0.1284296819849542,1,0.04459748365354065,0.054688881968520266,-0.5402516346459346,0.46888819685202576,0.00261431460995036,0.04966424440603546,999,0.05,0.6715111879290886,0
theta_rand,9,Equal,280,0.10694080390863536,1,0.04497938057417374,0.054724170625255086,-0.5020619425826258,0.47241706252550847,0.002451103629239525,0.049737877007425754,996,0.05,0.5242459851484971,0
theta_rand,9,Time increasing,80,0.19572253192297537,0,0.04357442034156815,0.055276387620468104,-0.6425579658431855,0.5276387620468095,0.0029593812807293426,0.0494207824028102,1000,0.05,1.158435194379609,0
theta_rand,9,Time increasing,180,0.1366060119542609,0,0.044769953522114256,0.0547549201776609,-0.5230046477885751,0.4754920177660895,0.002492386693432316,0.04965952499356235,997,0.05,0.6809500128753115,0
theta_rand,9,Time increasing,280,0.13397891971218048,0,0.044974048297904946,0.05455352321358356,-0.5025951702095056,0.4553523213583559,0.0024750531690736167,0.04966839505017731,999,0.05,0.6632098996453839,0
theta_rand,9,Time decreasing,80,0.12877434795637352,3,0.043322422481925374,0.05598743903300217,-0.6677577518074628,0.5987439033002171,0.003257425767612592,0.0495805271207594,1000,0.05,0.8389457584812021,0
theta_rand,9,Time decreasing,180,0.09111219106359648,9,0.044681919099891276,0.05526960088452469,-0.5318080900108726,0.5269600884524688,0.0026741998262789606,0.04975634779448584,996,0.05,0.48730441102833033,0
theta_rand,9,Time decreasing,280,0.07380013994102581,1,0.044980035813133784,0.05494782531200888,-0.5019964186866223,0.49478253120088855,0.0025257415209204437,0.049813599922301215,991,0.05,0.37280015539757627,0
theta_rand,9,Middle-and-extreme,80,0.10353030828258242,0,0.04413271608498673,0.05545466738411683,-0.5867283915013279,0.5454667384116828,0.0029297697900792802,0.0496966800304361,997,0.05,0.6066399391278093,0
theta_rand,9,Middle-and-extreme,180,0.09925538345130352,0,0.04480544011438395,0.054847989304877914,-0.5194559885616051,0.48479893048779066,0.0025837832332273767,0.04974354560443097,997,0.05,0.5129087911380642,0
theta_rand,9,Middle-and-extreme,280,0.1120886361810985,0,0.04522422882069031,0.054757222046646764,-0.4775771179309686,0.4757222046646764,0.0024849037329321014,0.04972147052953432,998,0.05,0.5570589409313598,0
theta_rand,11,Equal,80,0.10981579053176266,1,0.043897085474031323,0.05555892821300338,-0.6102914525968675,0.555892821300338,0.0030223100227346096,0.04966810263562133,1000,0.05,0.6637947287573415,0
theta_rand,11,Equal,180,0.10422779277272856,0,0.04457856476234126,0.05463381225943549,-0.5421435237658739,0.46338122594354847,0.002689383867074099,0.049719691455616284,994,0.05,0.5606170887674372,0
theta_rand,11,Equal,280,0.0473321498075631,3,0.04503087865627262,0.05449066901849218,-0.4969121343727383,0.44906690184921755,0.0024513927048140155,0.04988397031325858,997,0.05,0.23205937348284855,0
theta_rand,11,Time increasing,80,0.1166873619601403,0,0.043716579595693736,0.05578432659640122,-0.6283420404306268,0.5784326596401216,0.0029702163765305168,0.04965341328657185,1000,0.05,0.6931734268563056,0
theta_rand,11,Time increasing,180,0.0769490118735781,0,0.0447954089938415,0.05499607206157814,-0.5204591006158504,0.49960720615781384,0.002544380703688078,0.049804212419021006,997,0.05,0.3915751619579938,0
theta_rand,11,Time increasing,280,0.11057571454958826,1,0.044869198034185646,0.05496805441246779,-0.5130801965814351,0.49680544124677906,0.002555645858603208,0.04971740763304926,996,0.05,0.5651847339014915,0
theta_rand,11,Time decreasing,80,0.09968814746529146,0,0.04405377554581133,0.055915068069857334,-0.5946224454188676,0.5915068069857325,0.003046302751058489,0.04969631972212856,999,0.05,0.6073605557428835,0
theta_rand,11,Time decreasing,180,0.10215267699285574,1,0.044960911403847226,0.05478034369657326,-0.5039088596152781,0.47803436965732554,0.0025773968952112233,0.0497367120074811,996,0.05,0.5265759850378027,0
theta_rand,11,Time decreasing,280,0.09914128278972102,2,0.044923248197927146,0.05464036380002182,-0.5076751802072857,0.46403638000218167,0.0024159946441522774,0.04976047519176565,996,0.05,0.4790496164687047,0
theta_rand,11,Middle-and-extreme,80,0.08529627750407663,0,0.04395095727807714,0.055527346725910184,-0.6049042721922865,0.5527346725910182,0.002978972826095912,0.04974590470714822,1000,0.05,0.5081905857035607,0
theta_rand,11,Middle-and-extreme,180,0.11838929209748018,0,0.04445043687420282,0.054758576558306085,-0.5549563125797181,0.47585765583060824,0.0026304077475526664,0.049688587888839515,994,0.05,0.6228242223209751,0
theta_rand,11,Middle-and-extreme,280,0.07554221069712792,1,0.04544256216718482,0.05469419293228666,-0.4557437832815188,0.46941929322866544,0.0024300189363200436,0.0498164309975145,996,0.05,0.3671380049709988,0
alpha_fixed,5,Equal,80,-0.014877697977964382,0,3.3132025410921253,3.326923689578913,-0.6797458907874709,0.692368957891296,0.00369806510104895,3.320055018695676,995,3.32,-0.00165718962880291,0
alpha_fixed,5,Equal,180,-0.014717356219271121,5,3.312186376105841,3.327990773688796,-0.7813623894158683,0.7990773688796197,0.0038473559371355365,3.320056622907829,967,3.32,-0.0017055092719623906,0
alpha_fixed,5,Equal,280,-0.09628694207521604,0,3.3086772172577286,3.33439496804081,-1.1322782742271276,1.4394968040810197,0.0066444166929292324,3.3206397705652355,981,3.32,-0.019270197748062518,0
alpha_fixed,5,Time increasing,80,0.01590995694082648,0,3.313004445549876,3.327339604174332,-0.6995554450124131,0.7339604174332546,0.003607683395246967,3.3199426019125253,1000,3.32,0.0017288580564612625,0
alpha_fixed,5,Time increasing,180,-0.024551833114621325,5,3.3128251236174897,3.3278135506113027,-0.7174876382509909,0.7813550611302842,0.0038708371983888533,3.3200950361489086,1000,3.32,-0.002862534605684081,0
alpha_fixed,5,Time increasing,280,-0.4900643256352599,17,3.307756919899423,3.3691134012621577,-1.2243080100576509,4.911340126215763,0.017480295883371137,3.328566469413989,936,3.32,-0.25802618716834597,0
alpha_fixed,5,Time decreasing,80,0.07581230944262264,0,3.3125989756858196,3.3261851686657415,-0.7401024314180371,0.6185168665741667,0.0034879000324574867,3.3197355742434342,968,3.32,0.007964631221855437,0
alpha_fixed,5,Time decreasing,180,0.00803035694538317,1,3.3127859358257354,3.3271384805785535,-0.7214064174264356,0.7138480578553799,0.0035481340076589396,3.3199715072174283,983,3.32,8.582163425166924e-4,0
alpha_fixed,5,Time decreasing,280,0.1543838084636548,4,3.3105209129173216,3.3283869743394017,-0.9479087082678195,0.8386974339401665,0.004717485390777854,3.319271696639,880,3.32,0.021936848222889695,0
alpha_fixed,5,Middle-and-extreme,80,0.0035902771455691676,0,3.3127288636246934,3.3270281132974064,-0.7271136375306442,0.7028113297406662,0.003628706098384431,3.319986971939427,968,3.32,3.9241146304268336e-4,0
alpha_fixed,5,Middle-and-extreme,180,0.047788157832290575,1,3.3124130590249177,3.3278967355711773,-0.7586940975081791,0.7896735571177527,0.003919955408600285,3.319812672552238,949,3.32,0.005642393004871431,0
alpha_fixed,5,Middle-and-extreme,280,-0.49246642898706017,35,3.3078530088805738,3.369957325078591,-1.2146991119426165,4.9957325078591435,0.017023090951189226,3.328383300811054,820,3.32,-0.2525090605739186,0
alpha_fixed,7,Equal,80,0.042570532810305206,0,3.3127990062035058,3.3267882333449084,-0.7200993796493949,0.678823334490851,0.003486894679292627,3.319851561035649,1000,3.32,0.004471053143099561,0
alpha_fixed,7,Equal,180,0.05511787403490027,2,3.3123789773267935,3.3274709427384557,-0.7621022673205857,0.7470942738455721,0.003854208742817333,3.319787564208009,993,3.32,0.006398668433458346,0
alpha_fixed,7,Equal,280,0.18219803754885153,0,3.3114844114599293,3.3274412047609703,-0.8515588540070684,0.744120476097013,0.003993919273217297,3.319272315746291,990,3.32,0.021918200412913463,0
alpha_fixed,7,Time increasing,80,0.09539232552113439,0,3.3126675096953124,3.326401672440131,-0.7332490304687456,0.6401672440130767,0.003532449028891788,3.319663031472349,999,3.32,0.010149654447315077,0
alpha_fixed,7,Time increasing,180,0.14835210477481084,0,3.3126059275521205,3.326068098955808,-0.7394072447879317,0.6068098955807997,0.003469094412192874,3.3194853525422885,1000,3.32,0.015501429449136989,0
alpha_fixed,7,Time increasing,280,-0.025810586523542123,1,3.309609567592572,3.33055518836151,-1.0390432407427674,1.0555188361510035,0.005179306999540037,3.3201336809514435,994,3.32,-0.004026534682036611,0
alpha_fixed,7,Time decreasing,80,-0.034185914823828815,0,3.313500448942206,3.326606613463503,-0.6499551057793607,0.6606613463503141,0.0033680558662517795,3.3201151400709654,994,3.32,-0.0034680744266741064,0
alpha_fixed,7,Time decreasing,180,0.06389300543135555,1,3.313131472825931,3.3267297183827695,-0.6868527174068451,0.6729718382769747,0.0035557872134073477,3.319772810068261,998,3.32,0.006843070233101816,0
alpha_fixed,7,Time decreasing,280,0.16791585421904054,4,3.3113363829259335,3.327354857376456,-0.866361707406622,0.7354857376456414,0.004159236457639006,3.3193015982573164,976,3.32,0.02103619706877801,0
alpha_fixed,7,Middle-and-extreme,80,-0.011503389238140278,0,3.313291799962349,3.3269080696322573,-0.6708200037651157,0.690806963225743,0.0034737640694878363,3.3200399600602126,991,3.32,-0.0012036162714694203,0
alpha_fixed,7,Middle-and-extreme,180,0.05937036722325298,0,3.3128389420855906,3.3270830307028993,-0.7161057914408975,0.7083030702899598,0.0037056882216929274,3.319779991929463,997,3.32,0.006626749112553987,0
alpha_fixed,7,Middle-and-extreme,280,0.07583437572618408,1,3.310763928449659,3.328532464541741,-0.9236071550340974,0.8532464541740991,0.004508698532362214,3.3196580856614606,989,3.32,0.010298624654796714,0
alpha_fixed,9,Equal,80,0.13399475040050357,0,3.3128530356088755,3.325975584401598,-0.7146964391124722,0.59755844015979,0.003253479115162315,3.3195640508780304,996,3.32,0.013130997649681495,0
alpha_fixed,9,Equal,180,0.08740786711205398,2,3.3128017819826603,3.3268287807434924,-0.7198218017339508,0.6828780743492713,0.003566911046785039,3.319688223913222,999,3.32,0.009390845987286267,0
alpha_fixed,9,Equal,280,0.1605983822255767,0,3.3109900820768132,3.327211661143034,-0.9009917923186672,0.7211661143034009,0.004204123740651089,3.319324824528575,996,3.32,0.020336610585081474,0
alpha_fixed,9,Time increasing,80,0.10732049137672353,0,3.313071385227258,3.3263235630210626,-0.6928614772741759,0.6323563021062579,0.003469762327092508,3.319627623402096,1000,3.32,0.01121616258747023,0
alpha_fixed,9,Time increasing,180,0.10782996053403228,0,3.3128215931769605,3.3265484576847326,-0.7178406823039252,0.6548457684732868,0.0035130912856436674,3.3196211835053164,997,3.32,0.011410135382030404,0
alpha_fixed,9,Time increasing,280,0.19350262545219762,2,3.310810095317304,3.327183460935365,-0.9189904682695715,0.718346093536506,0.004205850759240215,3.3191861568358267,999,3.32,0.02451334831846688,0
alpha_fixed,9,Time decreasing,80,-0.004025949602817435,0,3.313378093656835,3.3264432189544224,-0.6621906343164673,0.6443218954422479,0.003404877901776479,3.320013707866836,1000,3.32,-4.128875553102072e-4,0
alpha_fixed,9,Time decreasing,180,0.09667879896075629,7,3.3128605033647505,3.3266639696874285,-0.7139496635249509,0.6663969687428704,0.0034412895077213825,3.319667300263517,996,3.32,0.010021076400082998,0
alpha_fixed,9,Time decreasing,280,0.3956502446478379,5,3.3104425940344413,3.3265339856013423,-0.9557405965558596,0.6533985601342329,0.0039437695900530765,3.3184396465968606,991,3.32,0.04699859648009648,0
alpha_fixed,9,Middle-and-extreme,80,0.047655159271842606,0,3.3133061936521377,3.3269508608039233,-0.6693806347862274,0.6950860803923578,0.003433827660821234,3.3198363603959113,997,3.32,0.004928903737605261,0
alpha_fixed,9,Middle-and-extreme,180,0.06503146662135732,0,3.3130275827230613,3.3269015521946934,-0.6972417276938492,0.6901552194693708,0.0035357590653693604,3.319770064402359,997,3.32,0.006925771013274974,0
alpha_fixed,9,Middle-and-extreme,280,0.19516833607760262,0,3.3105392355716905,3.3275149480561437,-0.9460764428309343,0.751494805614394,0.0042473964488941056,3.3191710427024073,998,3.32,0.024968593300981348,0
alpha_fixed,11,Equal,80,0.054694802721127256,0,3.3130877283870346,3.3269288775149017,-0.6912271612965293,0.6928877514902042,0.0035340353152505,3.3198067066356227,1000,3.32,0.005822089288467556,0
alpha_fixed,11,Equal,180,0.062382531617701215,0,3.3124985477659807,3.3267387872948992,-0.7501452234019002,0.6738787294899484,0.0035966141120471417,3.3197756341064384,994,3.32,0.006758008842212386,0
alpha_fixed,11,Equal,280,0.1667318014002908,7,3.311402490358245,3.327052277692544,-0.859750964175493,0.7052277692544505,0.004021043543108567,3.3193295641665483,997,3.32,0.02019385040516564,0
alpha_fixed,11,Time increasing,80,0.03858237027933304,0,3.313112720241411,3.326672889279712,-0.6887279758589182,0.6672889279711747,0.0034646696068801486,3.3198663248343316,1000,3.32,0.004026360411692805,0
alpha_fixed,11,Time increasing,180,0.08806737273902594,0,3.3131315097595153,3.326253013743047,-0.6868490240484437,0.6253013743047342,0.003466114027734327,3.3196947484439634,997,3.32,0.009194323977001371,0
alpha_fixed,11,Time increasing,280,0.26640712984037257,3,3.310870209175924,3.3268965098842105,-0.9129790824075723,0.689650988421064,0.00399712065800305,3.3189351385578756,996,3.32,0.03207413982301971,0
alpha_fixed,11,Time decreasing,80,0.04787619254719479,0,3.313255357825293,3.326383326320204,-0.6744642174707227,0.638332632020446,0.0033612156161833442,3.319839077793967,999,3.32,0.004847054398585294,0
alpha_fixed,11,Time decreasing,180,0.14126705973723278,1,3.3128686426700407,3.326508270631117,-0.7131357329958932,0.6508270631117451,0.003380403769648152,3.319522460298737,996,3.32,0.01438372594165218,0
alpha_fixed,11,Time decreasing,280,0.3396040567209479,13,3.31028507504217,3.326495646878426,-0.9714924957829862,0.6495646878426451,0.00408660930924366,3.318612170900347,996,3.32,0.04180208131484149,0
alpha_fixed,11,Middle-and-extreme,80,0.07718070940984088,0,3.313190123914498,3.3259632163613824,-0.68098760855021645,0.5963216361382451,0.0033004016584830057,3.3197452726586607,1000,3.32,0.007672510281299211,0
alpha_fixed,11,Middle-and-extreme,180,0.05209372022763311,0,3.3127085851911975,3.3269819468904203,-0.7291414808802532,0.6981946890420475,0.0035309668479816462,3.319816058800888,994,3.32,0.0055403975636085364,0
alpha_fixed,11,Middle-and-extreme,280,0.18407098604069577,11,3.3113819087913194,3.327136153510858,-0.8618091208680223,0.7136153510858362,0.003985175676086463,3.319266444783757,996,3.32,0.02209503663381421,0
alpha_rand,5,Equal,80,0.09317301091106985,1,0.044785722104998885,0.05503557521220858,-0.5214277895001119,0.5035575212208578,0.0026119765009989474,0.04975663428497297,995,0.05,0.48673143005406594,0
alpha_rand,5,Equal,180,0.04137920561513453,6,0.04420442225516277,0.05514707915086546,-0.579557774483723,0.5147079150865458,0.0028225883614728135,0.049883203535823734,967,0.05,0.23359292835253842,0
alpha_rand,5,Equal,280,0.14646420536959012,0,0.04332807670859953,0.05556501902483385,-0.6671923291400466,0.5565019024833844,0.0032884306080776045,0.04951836262407488,981,0.05,0.9632747518502488,0
alpha_rand,5,Time increasing,80,0.019339079436870018,0,0.044421245462947116,0.055261185928954716,-0.5578754537052887,0.5261185928954708,0.002831271512596731,0.04994524581531055,1000,0.05,0.10950836937891062,0
alpha_rand,5,Time increasing,180,0.06971907860160266,0,0.044048209538337525,0.05596435369543897,-0.5951790461662475,0.5964353695438965,0.003119272372684699,0.04978252720426899,1000,0.05,0.4349455914620243,0
alpha_rand,5,Time increasing,280,0.3483223837411212,2,0.03162277660168379,0.05753972512496387,-1.8377223398316211,0.7539725124963867,0.005872926728795429,0.047954328162289034,936,0.05,4.091343675421938,0
alpha_rand,5,Time decreasing,80,-0.031758766859098245,0,0.0450398988601403,0.055729391226502556,-0.4960101139859703,0.5729391226502554,0.0026136358405802274,0.050083005851315573,968,0.05,-0.1660117026311414,0
alpha_rand,5,Time decreasing,180,0.07272345624956959,1,0.04475924092347861,0.054988293411380215,-0.5240759076521393,0.4988293411380208,0.0025912880505188935,0.04981155257682806,983,0.05,0.3768948463438865,0
alpha_rand,5,Time decreasing,280,0.19682996668030203,4,0.04366745617795272,0.055436497663651246,-0.6332543822047282,0.5436497663651239,0.003041311333125487,0.04940137879163649,880,0.05,1.197242416727029,0
alpha_rand,5,Middle-and-extreme,80,0.08662676882360688,0,0.04482654243647608,0.05502624189062937,-0.5173457563523922,0.5026241890629373,0.002577139763833867,0.04977675070945224,968,0.05,0.44649858109552243,0
alpha_rand,5,Middle-and-extreme,180,0.11796801704629169,1,0.043490352197070585,0.05531870363045642,-0.6509647802929418,0.5318703630456414,0.002999795609879985,0.04964612006035829,949,0.05,0.7077598792834261,0
alpha_rand,5,Middle-and-extreme,280,0.40827940728230266,2,0.03162277660168379,0.0565596588118678,-1.8377223398316211,0.6559658811867799,0.006342784161565784,0.04741037184199635,820,0.05,5.179256316007311,0
alpha_rand,7,Equal,80,0.09030523470508367,0,0.044751743318372346,0.05471761401353421,-0.5248256681627659,0.47176140135342076,0.0026060349342022127,0.049764661403617225,1000,0.05,0.4706771927655562,0
alpha_rand,7,Equal,180,0.11988579292279904,2,0.044270765270274876,0.05523857383928342,-0.5729234729725129,0.523857383928342,0.002723547604350573,0.049673485335889445,993,0.05,0.6530293282211164,0
alpha_rand,7,Equal,280,0.17541318435613945,0,0.04296984735165521,0.05512748261187679,-0.7030152648344793,0.5127482611876788,0.003106475393674066,0.04945508325907164,990,0.05,1.0898334818567195,0
alpha_rand,7,Time increasing,80,0.05239231308482924,0,0.04459513912902207,0.054895040238074476,-0.5404860870977931,0.48950402380744756,0.002572418668385554,0.04986522503574069,999,0.05,0.2695499285186309,0
alpha_rand,7,Time increasing,180,0.11594406456580156,0,0.0441288807149055,0.055211470027924744,-0.5871119285094508,0.5211470027924746,0.0028029588839298468,0.049675013554186354,1000,0.05,0.6499728916272984,0
alpha_rand,7,Time increasing,280,0.13267795466074858,1,0.04344977760040519,0.056294548582651,-0.6550222399594814,0.6294548582650993,0.003330296907258362,0.04955814301793195,994,0.05,0.8837139641361125,0
alpha_rand,7,Time decreasing,80,0.07699039892070479,0,0.044827914817348886,0.054637882840495776,-0.5172085182651119,0.46378828404957717,0.002524321736648091,0.04980565146249126,994,0.05,0.3886970750174856,0
alpha_rand,7,Time decreasing,180,0.037774309592805345,2,0.04491558871775617,0.05483593322575995,-0.5084411282243828,0.4835933225759946,0.002602302810182823,0.04990169980799393,998,0.05,0.19660038401214663,0
alpha_rand,7,Time decreasing,280,0.12284211111981891,4,0.043608576955017325,0.055875746550999035,-0.639142304498268,0.5875746550999031,0.0030413082462922734,0.049626399274459346,976,0.05,0.7472014510813141,0
alpha_rand,7,Middle-and-extreme,80,0.06697777923752957,1,0.04495368050302751,0.05488199443504986,-0.5046319496972494,0.48819944350498534,0.002492696702776537,0.04983304471053532,991,0.05,0.3339105789293695,0
alpha_rand,7,Middle-and-extreme,180,0.07604484946576398,0,0.044653187008704805,0.055179697632936744,-0.5346812991295197,0.5179697632936737,0.0027672707683782712,0.04978956331098767,997,0.05,0.4208733780246693,0
alpha_rand,7,Middle-and-extreme,280,0.1717756431643213,0,0.0433508335591221,0.05514271150925136,-0.6649166440877905,0.5142711509251362,0.0030243604300088053,0.04948048854197452,989,0.05,1.0390229160509716,0
alpha_rand,9,Equal,80,0.059764628702219845,2,0.04486350984446875,0.05455005912249784,-0.5136490155531253,0.45500591224978415,0.0025344182313391337,0.04984853143542788,996,0.05,0.3029371291442401,0
alpha_rand,9,Equal,180,0.11636744783832025,2,0.04462056687656272,0.05479944775751747,-0.537943312343729,0.479944775751747,0.0026092075627303026,0.049696373175044634,999,0.05,0.6072536499107384,0
alpha_rand,9,Equal,280,0.13223186610913454,1,0.043489913361469644,0.05572964911020756,-0.6510086638530362,0.5729649110207549,0.0029467527926797937,0.04961034537926165,996,0.05,0.7793092414767055,0
alpha_rand,9,Time increasing,80,0.11195047445878258,0,0.04493091491802621,0.05459169742236973,-0.506908508197379,0.4591697422369729,0.0025570630101488454,0.04971373558279284,1000,0.05,0.572528834414332,0
alpha_rand,9,Time increasing,180,0.16560247626602864,2,0.043990779282722596,0.05475109343697592,-0.6009220717277407,0.47510934369759156,0.0027229209263526827,0.04954907755191941,997,0.05,0.9018448961611858,0
alpha_rand,9,Time increasing,280,0.11501793928466521,0,0.04398938706877664,0.0555631574639672,-0.6010612931223362,0.5563157463967199,0.0030583140240311403,0.04964823902327055,999,0.05,0.7035219534589077,0
alpha_rand,9,Time decreasing,80,0.10868592255617937,0,0.04470534019497048,0.05482967853681856,-0.5294659805029519,0.48296785368185596,0.002505016251827782,0.04972773999765188,1000,0.05,0.5445200046962501,0
alpha_rand,9,Time decreasing,180,0.14726856712191022,5,0.045074947984631145,0.054786571437995465,-0.49250520153688526,0.4786571437995465,0.002468288677250204,0.04963649866325813,996,0.05,0.7270026734837454,0
alpha_rand,9,Time decreasing,280,0.19627477844414584,5,0.04357200387800356,0.055070234493365774,-0.6427996121996443,0.5070234493365773,0.002910884560745595,0.049428666777763176,991,0.05,1.1426664444736527,0
alpha_rand,9,Middle-and-extreme,80,0.12247572284728803,0,0.04464417042009077,0.05461687612902508,-0.5355829579909229,0.4616876129025069,0.0025822546158982182,0.04968373649934212,997,0.05,0.6325270013157608,0
alpha_rand,9,Middle-and-extreme,180,0.10991704495318086,1,0.04487054497180988,0.05480132653235797,-0.5129455028190121,0.48013265323579596,0.0026014139707207654,0.049714060263638456,997,0.05,0.5718794727230941,0
alpha_rand,9,Middle-and-extreme,280,0.18347021209674214,1,0.04326582342036245,0.055312835078067106,-0.6734176579637549,0.5312835078067106,0.0031125793281292337,0.0494289344105002,998,0.05,1.1421311789996114,0
alpha_rand,11,Equal,80,0.09603470815293798,0,0.04479861395560553,0.055096710903403165,-0.5201386044394473,0.5096710903403162,0.0025600361403825067,0.049754147676397395,1000,0.05,0.49170464720521556,0
alpha_rand,11,Equal,180,0.11180894221236826,2,0.04460715872570402,0.054723750495688964,-0.5392841274295987,0.4723750495688962,0.0025356486635150968,0.049716491805110175,994,0.05,0.5670163897796565,0
alpha_rand,11,Equal,280,0.12542080339824468,6,0.043452941805899134,0.055352492343601976,-0.654705819410087,0.5352492343601976,0.0030676270407302185,0.04961525575202544,997,0.05,0.7694884959491277,0
alpha_rand,11,Time increasing,80,0.07370549247488359,0,0.044912147159594615,0.05433721099744688,-0.5087852840405387,0.4337210997446881,0.002468666814688855,0.04981804569666696,1000,0.05,0.3639086066660885,0
alpha_rand,11,Time increasing,180,0.08932889668253562,1,0.04471032764408429,0.05491273582874717,-0.5289672355915711,0.4912735828747164,0.0026263205011011295,0.049765393687301915,997,0.05,0.4692126253961759,0
alpha_rand,11,Time increasing,280,0.09442372439000563,1,0.043391643219349005,0.05554534755405153,-0.6608356780650995,0.554534755405153,0.0030232325363119565,0.049714535124224385,996,0.05,0.5709297515512357,0
alpha_rand,11,Time decreasing,80,0.05579702055545348,1,0.04488849798390593,0.054557607057532966,-0.5111502016094077,0.45576070575329664,0.002435667449853131,0.0498640970132343,999,0.05,0.27180597353140823,0
alpha_rand,11,Time decreasing,180,0.09349153668391114,0,0.04428347318978849,0.054763299770085226,-0.5716526810211517,0.4763299770085218,0.0026532815964311063,0.04975194062629452,996,0.05,0.4961187474109702,0
alpha_rand,11,Time decreasing,280,0.15605048151229528,10,0.04386018131707217,0.05542089781039573,-0.6139818682927832,0.5420897810395727,0.002895891368008089,0.04954809475761504,996,0.05,0.9038104847699235,0
alpha_rand,11,Middle-and-extreme,80,0.049433347380489046,0,0.04503158286578794,0.054683443010806916,-0.49684171342120614,0.4683443010806912,0.0024206123878972195,0.049880341026955564,1000,0.05,0.2393179460888767,0
alpha_rand,11,Middle-and-extreme,180,0.13173386497209555,0,0.0445928372123267,0.054724517779550716,-0.5407162787673303,0.47245177795507176,0.002550523610612863,0.049664009667071386,994,0.05,0.671980665857233,0
alpha_rand,11,Middle-and-extreme,280,0.06258875606048073,9,0.04398026926805004,0.0553262150723082,-0.6019730731949964,0.5326215072308192,0.0029647521671703663,0.049814439849829195,996,0.05,0.37112030034161525,0
beta_fixed,5,Equal,80,-0.04876432348205577,0,74.62107683774802,87.9829982293609,-537.8923162251981,798.2998229360905,3.3658708880469157,80.16413441678355,995,80,-0.20516802097944264,0
beta_fixed,5,Equal,180,1.389227999041636e-4,6,178.09764619487487,181.8198186059141,-190.23538051251307,181.98186059140937,0.9419251309252304,179.9998691451235,967,180,7.269715360457162e-5,0
beta_fixed,5,Equal,280,-0.016889714277973585,0,272.31530663287526,285.1721708735856,-768.4693367124765,517.2170873585628,3.041746706274699,280.05137423277495,981,280,-0.018347940276766752,0
beta_fixed,5,Time increasing,80,0.010677064891449008,0,77.26091752424735,82.7059727947395,-273.90824757526474,270.59727947394936,1.4361403703528175,79.98466623607251,1000,80,0.019167204909358304,0
beta_fixed,5,Time increasing,180,0.1568388449893494,12,175.2995200540042,184.3952489083542,-470.04799459958,439.52489083542025,2.349347241233536,179.63153109220602,1000,180,0.20470494877443457,0
beta_fixed,5,Time increasing,280,-0.13511442896721085,0,231.44572460274645,340.22797115354126,-4855.427539725356,6022.7971153541275,26.402332017357008,283.5673360139279,936,280,-1.2740485764028213,0
beta_fixed,5,Time decreasing,80,-0.2560269367701813,0,48.02079721538383,132.63070132935655,-3197.9202784616173,5263.070132935656,27.447687878468415,87.0273474489483,968,80,-8.784184311185381,0
beta_fixed,5,Time decreasing,180,-0.1590705594167281,20,175.08987670849078,184.64436131920522,-491.0123291509218,464.4361319205195,2.4652595239190314,180.39215021157722,983,180,-0.2178612286540095,0
beta_fixed,5,Time decreasing,280,-0.029425401465091656,4,277.0094970481521,283.1192489557028,-299.05029518478585,311.9248955702844,1.5031055122605168,280.04422948314266,880,280,-0.015796243979520695,0
beta_fixed,5,Middle-and-extreme,80,-0.11994346718154965,0,47.79906932704175,140.85941736602493,-3220.093067295825,6085.941736602492,26.092843559833646,83.12966612519222,968,80,-3.91208265649027,0
beta_fixed,5,Middle-and-extreme,180,-0.031864101647354245,1,178.11299055023295,181.97110921918295,-188.70094497670314,197.11092191829698,0.9492760086715376,180.0302478272317,949,180,-0.016804348462058114,0
beta_fixed,5,Middle-and-extreme,280,-0.2816850193387616,19,222.31050318746787,352.8840055986307,-5768.9496812532125,7288.400559863072,30.784562669565368,288.67155013091184,820,280,-3.096982189611371,0
beta_fixed,7,Equal,80,-0.2589976478585996,0,78.29177527939913,82.14457707252828,-170.8224720600863,214.4577072528285,1.0023160682294523,80.25959750408231,1000,80,-0.3244968801028847,0
beta_fixed,7,Equal,180,-0.04902340736502065,2,178.1922875484459,181.99534134665134,-180.7712451554096,199.5341346651344,0.9649675625513471,180.04730599791299,993,180,-0.026281109951658742,0
beta_fixed,7,Equal,280,0.17090552708715903,0,277.9002972522882,281.7811756799476,-209.97027477117808,178.1175679947587,1.016998516823427,279.82618933243543,990,280,0.062075238415916695,0
beta_fixed,7,Time increasing,80,-0.15694413134781154,0,78.17960392049692,82.05086200254439,-182.03960795030852,205.0862002544403,1.0068226973179475,80.15801491365183,999,80,-0.19751864206478234,0
beta_fixed,7,Time increasing,180,0.10857078780927129,1,177.9424880536721,181.72645216299088,-205.7511946327888,172.64521629908896,0.997428910712018,179.89170835738025,1000,180,0.06016202367763728,0
beta_fixed,7,Time increasing,280,-0.18917660724093793,20,276.95966893119345,283.85254802429523,-304.03310688065477,385.25480242952403,1.754024519145098,280.3318204075493,994,280,-0.11850728841045971,0
beta_fixed,7,Time decreasing,80,0.20676252288935454,8,75.47176817868484,83.77185002636708,-452.8231821315153,377.18500263670694,2.0453000157863093,79.57710860867039,994,80,0.5286142391620174,0
beta_fixed,7,Time decreasing,180,-0.16418357003494888,12,178.38275487295286,182.17910605566453,-161.72451270471413,217.9106055664551,0.964323533541056,180.1583260804055,998,180,-0.08795893355860408,0
beta_fixed,7,Time decreasing,280,0.11012211641469184,4,278.14392981673257,281.8065922260725,-185.6070183267441,180.65922260724946,0.943590780919395,279.89608978617576,976,280,0.037110790651512716,0
beta_fixed,7,Middle-and-extreme,80,-0.16799229785024775,0,75.06190640474493,86.20171217695787,-493.8093595255065,620.171217695788,2.8152192348623877,80.47293514821675,991,80,-0.591168935270936,0
beta_fixed,7,Middle-and-extreme,180,0.011034754729294162,1,178.1665845339357,181.86817213839095,-183.34154660642986,186.8172138390932,0.9125626067245103,179.98993009545967,997,180,0.005594391411294611,0
beta_fixed,7,Middle-and-extreme,280,0.18958277744791743,1,274.267636563815,284.5412120101231,-573.2363436184964,454.1212010123113,2.6442757415695377,279.4986908605751,989,280,0.17903897836603733,0
beta_fixed,9,Equal,80,-0.06517754758440379,0,77.9183504457517,82.02191836209403,-208.16495542483028,202.19183620940342,1.0131755432566822,80.06603629718197,996,80,-0.08254537147745822,0
beta_fixed,9,Equal,180,0.06108710579592275,1,178.19155632393543,181.65177104207334,-180.84436760645866,165.17710420733368,0.9066931544759639,179.9446127393481,999,180,0.030770700362173404,0
beta_fixed,9,Equal,280,0.0797745868414667,0,278.06374226671915,281.8770910614759,-193.6257733280847,187.7091061475852,0.970901163566722,279.92254676081257,996,280,0.02766187113836947,0
beta_fixed,9,Time increasing,80,0.4570028484590273,0,77.82233145734001,81.28925470608885,-217.76685426599775,128.92547060888575,0.9077772717958537,79.58514320102293,1000,80,0.5185709987213372,0
beta_fixed,9,Time increasing,180,0.9336013666185753,0,177.37862629233152,180.84131443405212,-262.1373707668482,84.13144340521382,0.9110032472126209,179.14948612340834,997,180,0.47250770921759033,0
beta_fixed,9,Time increasing,280,0.16760605849322668,2,277.96203285323605,281.92655358526486,-203.79671467639298,192.6553585264868,1.0313468194163948,279.8271400246581,999,280,0.061735705479252695,0
beta_fixed,9,Time decreasing,80,0.022347478900908116,0,78.16354315125396,81.82148920790105,-183.6456848746039,182.14892079010588,0.975990157355476,79.978189080551,1000,80,0.027263649311244365,0
beta_fixed,9,Time decreasing,180,0.15164010670192662,11,178.04875540668183,181.65698787399162,-195.12445933181652,165.6987873991619,0.9215103752467869,179.86026206837064,996,180,0.07763218423853067,0
beta_fixed,9,Time decreasing,280,0.7628433831066606,5,277.5029235414177,281.10626433709194,-249.7076458582292,110.62643370919218,0.9421535674101483,279.28128438523083,991,280,0.25668414813184526,0
beta_fixed,9,Middle-and-extreme,80,-0.2294512661759299,0,77.78876814576039,82.65746242295327,-221.12318542396153,265.7462422953282,1.250761148031578,80.2869887290995,997,80,-0.35873591137438154,0
beta_fixed,9,Middle-and-extreme,180,-0.028654408771360503,0,178.32273296577296,181.78751214335878,-167.7267034227043,178.75121433587765,0.8754325824178689,180.02508500306837,997,180,-0.013936112815760756,0
beta_fixed,9,Middle-and-extreme,280,0.3041470351188138,0,277.2231827543596,281.998792328211,-277.6817245640373,199.8792328211016,1.267487871495319,279.61449732183564,998,280,0.13767952791584193,0
beta_fixed,11,Equal,80,-0.12794763322512898,1,78.22132605612352,81.94626199357667,-177.86739438764891,194.62619935766648,0.9774630352472204,80.12506408192493,1000,80,-0.15633010240616585,0
beta_fixed,11,Equal,180,0.0023425411283064246,0,178.3202629909618,181.72904477949126,-167.97370090382222,172.904477949126,0.8745839550676239,179.9979512511151,994,180,0.0011381938249460039,0
beta_fixed,11,Equal,280,0.09219193691216195,7,278.1826044953192,281.5924648955563,-181.7395504680836,159.24648955563168,0.8923630178560271,279.91773132495507,997,280,0.029381669658903323,0
beta_fixed,11,Time increasing,80,0.1681697770313555,0,78.04274636215129,81.72236987563214,-195.72536378487166,172.2369875632132,0.9349755481199873,79.84276537054289,1000,80,0.19654328682138456,0
beta_fixed,11,Time increasing,180,0.18220093831759385,0,178.10038820493787,181.5578360974801,-189.96117950621283,155.7836097480112,0.8867162560429486,179.8384394661275,997,180,0.08975585215138279,0
beta_fixed,11,Time increasing,280,0.33858199086914786,2,277.8172106490908,281.48491944293016,-218.27893509092164,148.49194429301704,0.9670159297444351,279.67258582130495,996,280,0.11693363524823246,0
beta_fixed,11,Time decreasing,80,0.5135120590410599,0,77.64437760239599,81.31984851564418,-235.56223976040152,131.98485156441774,0.9387804017530579,79.5179249429084,999,80,0.6025938213645077,0
beta_fixed,11,Time decreasing,180,0.4229175813910307,1,177.97751366350462,181.34000553677782,-202.2486336495382,134.00055367778273,0.8709192984986072,179.6316729166922,996,180,0.20462615739322448,0
beta_fixed,11,Time decreasing,280,0.4798999442119022,11,277.8644941377052,281.44705034854456,-213.55058622947922,144.7050348544587,0.9053311417443932,279.56553163558357,996,280,0.15516727300586855,0
beta_fixed,11,Middle-and-extreme,80,-0.21092181489040676,0,78.13742671514115,82.16360636158286,-186.257328485886,216.36063615828704,1.0444613986441398,80.220299693785,1000,80,-0.27537461723124323,0
beta_fixed,11,Middle-and-extreme,180,-0.02158661252481472,0,178.41650166506415,181.64168650114624,-158.34983349358322,164.1686501146225,0.8375792773941456,180.01808049931992,994,180,-0.01004472184440096,0
beta_fixed,11,Middle-and-extreme,280,0.14771617287240404,11,277.8930549861244,281.97150123619326,-210.6945013875611,197.1501236193273,1.026866317547556,279.8483152375203,996,280,0.054173129457037054,0
beta_rand,5,Equal,80,0.10287957255066227,0,1.0000000000000016,14.43519557385411,-899.9999999999999,443.519557385411,3.51179055485392,9.638708488829176,995,10,3.612915111708244,0
beta_rand,5,Equal,180,-0.17361312309228707,0,2.58269007835809,13.468412935109832,-741.730992164191,346.84129351098323,2.2494621525310192,10.390536149578809,967,10,-3.9053614957880884,0
beta_rand,5,Equal,280,0.0523760962361232,1,1,14.419247767580789,-900,441.9247767580789,3.362083683648797,9.823907181431311,981,10,1.7609281856868897,0
beta_rand,5,Time increasing,80,-0.11780461254907623,0,7.421818899620749,12.564327936694648,-257.81811003792524,256.4327936694648,1.3119351109331692,10.154552007433011,1000,10,-1.5455200743301134,0
beta_rand,5,Time increasing,180,0.13681312575139676,1,1.0000000000000047,14.377261304088584,-899.9999999999994,437.7261304088584,2.9942374968282044,9.590349008816895,1000,10,4.0965099118310455,0
beta_rand,5,Time increasing,280,5.999645422499826,379,1,5.987906067278116,-900,-401.20939327218844,1.3918633218323104,1.649313592423376,936,10,83.50686407576625,1
beta_rand,5,Time decreasing,80,28.16203576170253,410,1,2.3000816896023535,-900,-769.9918310397646,0.3149484932009541,1.1304092713804044,968,10,88.69590728619595,1
beta_rand,5,Time decreasing,180,0.0957523248005858,1,1.0024646970413744,14.323858691672129,-899.7535302958626,432.3858691672127,3.008922488715007,9.711888676560774,983,10,2.881113234392263,0
beta_rand,5,Time decreasing,280,-0.1417564062776379,4,7.721768477471752,12.431396561235395,-227.82315225282485,243.13965612353948,1.260678580087945,10.178709264984462,880,10,-1.7870926498446238,0
beta_rand,5,Middle-and-extreme,80,2065.360244200293,469,1,1.0090916290444305,-900,-899.0908370955569,0.004357240106887827,1.0007295087988484,968,10,89.99270491201152,1
beta_rand,5,Middle-and-extreme,180,-0.19712219184546184,2,8.394980336204451,11.95105883841234,-160.50196637955494,195.10588384123406,0.910856181941568,10.17954996704031,949,10,-1.7954996704031068,0
beta_rand,5,Middle-and-extreme,280,48.80438446705701,383,1,1.7783120166160438,-900,-822.1687983383955,0.1834018740189664,1.0491844283996086,820,10,89.5081557160039,1
beta_rand,7,Equal,80,-0.08010358024281523,0,7.794431113258228,12.282539125755223,-220.55688867417723,228.25391257552226,1.1434320241255003,10.091592998896742,1000,10,-0.9159299889674167,0
beta_rand,7,Equal,180,-0.478026320653831,8,8.650005172759041,12.31286724671086,-134.99948272409588,231.28672467108606,0.9408756834519413,10.44976334115319,993,10,-4.4976334115319005,0
beta_rand,7,Equal,280,-0.1279636181843786,0,7.915463855741104,12.402762947602792,-208.45361442588955,240.2762947602793,1.1533712776157146,10.147589561793646,990,10,-1.4758956179364624,0
beta_rand,7,Time increasing,80,-0.383422926318619,0,8.469418324861946,12.300255924307187,-153.05816751380542,230.02559243071866,0.959332092489302,10.367829918213612,999,10,-3.678299182136122,0
beta_rand,7,Time increasing,180,-0.4207025802665829,0,8.32349393233693,12.467798994551847,-167.650606766307,246.7798994551848,1.0174484322468083,10.428043180734422,1000,10,-4.280431807344218,0
beta_rand,7,Time increasing,280,-0.09358850992980498,0,2.0630080121252528,13.568787663171811,-793.6991987874746,356.87876631718126,2.275553513110811,10.212965662557574,994,10,-2.1296566255757376,0
beta_rand,7,Time decreasing,80,-0.18027893054047253,0,3.4156768018819585,13.86014593616093,-658.4323198118041,386.01459361609307,2.25547735566006,10.406615045536649,994,10,-4.066150455366486,0
beta_rand,7,Time decreasing,180,-0.3685886419348022,11,8.393283281210655,12.419052920726436,-160.6716718789345,241.90529207264365,1.012952596983514,10.373362822066484,998,10,-3.733628220664844,0
beta_rand,7,Time decreasing,280,-0.3693187052223569,1,8.259992512177837,12.219881301627698,-174.00074878221636,221.9881301627698,1.0195050844467755,10.376522297755493,976,10,-3.7652229775549273,0
beta_rand,7,Middle-and-extreme,80,0.11554134562414037,0,1,20.316446868133983,-900,1031.644686813398,6.023786583473214,9.304003592392862,991,10,6.959964076071383,0
beta_rand,7,Middle-and-extreme,180,-0.21666154052380077,0,8.577129464390882,11.607462182387872,-142.28705356091177,160.74621823878715,0.8069112969390623,10.174826644660875,997,10,-1.7482664466087527,0
beta_rand,7,Middle-and-extreme,280,0.14568061259667925,1,1,19.389594967409945,-900,938.9594967409944,5.933812272360987,9.135558593128758,989,10,8.644414068712418,0
beta_rand,9,Equal,80,-0.26196768489600697,0,8.382591497299911,12.143513192341043,-161.7408502700089,214.35131923410432,0.9802585839676946,10.256796071841455,996,10,-2.5679607184145503,0
beta_rand,9,Equal,180,-0.42160435843644445,2,8.626649113448593,11.917546526296167,-137.3350886551406,191.75465262961677,0.8398278532218209,10.354075083254642,999,10,-3.540750832546422,0
beta_rand,9,Equal,280,-0.3171557855368941,0,8.438021772304339,12.026035888753285,-156.19782276956616,202.60358887532854,0.9279395452600021,10.294301395407684,996,10,-2.943013954076843,0
beta_rand,9,Time increasing,80,-0.040867755655412875,1,8.348575521480296,11.687473265654234,-165.1424478519704,168.74732656542335,0.867847986581402,10.03546699946165,1000,10,-0.3546699946165077,0
beta_rand,9,Time increasing,180,-0.27837818031854533,0,8.375089923337582,11.999573198275822,-162.49100766624184,199.95731982758227,0.905441619049299,10.252055190295621,997,10,-2.520551902956214,0
beta_rand,9,Time increasing,280,-0.16556065127950517,0,8.000982492556512,12.131862434805063,-199.9017507443489,213.18624348050622,1.0414212127102702,10.172418374232604,999,10,-1.7241837423260444,0
beta_rand,9,Time decreasing,80,0.022647765491568096,0,7.960284106926723,11.814109208808496,-203.97158930732772,181.4109208808496,0.9871000787054359,9.97764438890077,1000,10,0.22355611099229125,0
beta_rand,9,Time decreasing,180,-0.18079677684967924,9,8.510141508623352,11.964663024377254,-148.98584913766476,196.46630243772535,0.8744735858707429,10.158102005765612,996,10,-1.5810200576561149,0
beta_rand,9,Time decreasing,280,-0.04077568110125944,2,8.350562958202392,11.721224773454578,-164.94370417976086,172.1224773454578,0.889789224473865,10.036281761664483,991,10,-0.3628176166448327,0
beta_rand,9,Middle-and-extreme,80,-0.3231568379283013,0,7.640884891448613,13.053676449920346,-235.91151085513863,305.36764499203457,1.3638275482208033,10.440730197962543,997,10,-4.4073019796254265,0
beta_rand,9,Middle-and-extreme,180,-0.31893515399873007,0,8.813982407941525,11.685096311459382,-118.60175920584749,168.5096311459383,0.7306242573439029,10.233021760031185,997,10,-2.3302176003118547,0
beta_rand,9,Middle-and-extreme,280,-0.30216228573564646,0,7.8353192287358695,12.867047134611045,-216.468077126413,286.7047134611046,1.3389956945869979,10.404593999666597,998,10,-4.045939996665968,0
beta_rand,11,Equal,80,-0.2957892071180492,0,8.704565140824604,11.990812629598397,-129.54348591753975,199.08126295983968,0.8511679674020954,10.251766298202147,1000,10,-2.5176629820214735,0
beta_rand,11,Equal,180,-0.3181275863878602,2,8.76502854724647,11.790746231587715,-123.49714527535298,179.07462315877146,0.7717657678695786,10.245519980989123,994,10,-2.4551998098912264,0
beta_rand,11,Equal,280,-0.2733856628693773,4,8.554254696481998,11.746454990075193,-144.5745303518003,174.64549900751922,0.8454899681825365,10.231144835400992,997,10,-2.311448354009915,0
beta_rand,11,Time increasing,80,-0.3741157832956389,0,8.578310639475774,12.109768477353017,-142.1689360524227,210.9768477353018,0.8911305582207634,10.33338600680744,1000,10,-3.3338600680744084,0
beta_rand,11,Time increasing,180,-0.31812504999831837,1,8.711656836444622,11.678607255431464,-128.83431635553788,167.8607255431465,0.7872097738227184,10.250431148656517,997,10,-2.5043114865651717,0
beta_rand,11,Time increasing,280,-0.361503205746948,1,8.484508131455488,12.119374625209472,-151.54918685445108,211.93746252094712,0.905596785757489,10.327376141165464,996,10,-3.273761411654643,0
beta_rand,11,Time decreasing,80,-0.4298410311916482,0,8.654720817861003,12.106192388944915,-134.5279182138997,210.61923889449164,0.8939007410469686,10.384235216314607,999,10,-3.842352163146075,0
beta_rand,11,Time decreasing,180,-0.06946044100739346,1,8.5062416727498,11.573513203757344,-149.37583272502,157.35132037573442,0.7943974443361135,10.055179196818733,996,10,-0.5517919681873273,0
beta_rand,11,Time decreasing,280,-0.08471543802922407,11,8.509504853335851,11.659624342423431,-149.04951466641484,165.96243424234316,0.8239737016786923,10.069803293062272,996,10,-0.6980329306227162,0
beta_rand,11,Middle-and-extreme,80,-0.14048228997605033,0,7.879502710813911,12.170455671373501,-212.04972891860893,217.04556713735022,1.0885595574544213,10.152923339406513,1000,10,-1.5292333940651304,0
beta_rand,11,Middle-and-extreme,180,-0.34428937224849265,1,8.820023666070025,11.784575509214385,-117.9976333929974,178.4575509214385,0.7524247901505191,10.259051858665126,994,10,-2.5905185866512603,0
beta_rand,11,Middle-and-extreme,280,-0.10054220241915299,2,7.84833884133135,12.09424534184553,-215.16611586686497,209.4245341845531,1.1271395640703672,10.113325094205399,996,10,-1.1332509420539871,0
gamma_fixed,5,Equal,80,-0.3551670941773848,88,12.54979171633876,27.289785465760158,-745.0208283661242,728.978546576016,3.725447333879893,21.323156304085007,995,20,-6.615781520425035,0
gamma_fixed,5,Equal,180,-0.45541536869718513,43,15.873184604898645,24.879136242755255,-412.68153951013556,487.9136242755256,2.293308053387253,21.04440773266958,967,20,-5.222038663347899,0
gamma_fixed,5,Equal,280,-0.3793159575645754,60,13.377746759240432,27.09329380378917,-662.2253240759568,709.329380378917,3.531607371033101,21.339595031685533,981,20,-6.697975158427667,0
gamma_fixed,5,Time increasing,80,-0.6128777261102366,0,18.58142971461478,22.623279844079146,-141.85702853852206,262.3279844079147,1.042726506023366,20.639063849966472,1000,20,-3.1953192498323624,0
gamma_fixed,5,Time increasing,180,-0.621879232118613,15,17.844810486261906,23.60937375845807,-215.5189513738096,360.9373758458072,1.4278495681653511,20.88794999303156,1000,20,-4.439749965157809,0
gamma_fixed,5,Time increasing,280,0.05783449671931824,0,1.1179406608619153,29.922981010513183,-1888.2059339138086,992.2981010513184,7.9377448537394795,19.54092452129762,936,20,2.295377393511906,0
gamma_fixed,5,Time decreasing,80,0.17004728664277038,0,5.428355730374987,29.737844708549567,-1457.1644269625012,973.7844708549569,7.8121022891081955,18.671573202761376,968,20,6.642133986193119,0
gamma_fixed,5,Time decreasing,180,-0.607131498254715,21,17.625742285166556,23.540730283356336,-237.4257714833445,354.0730283356336,1.5396848848192153,20.93479119096043,983,20,-4.6739559548021425,0
gamma_fixed,5,Time decreasing,280,-0.6097061861400378,4,18.548837843269474,22.730039389919547,-145.11621567305224,273.0039389919547,1.073247824139404,20.65436583763913,880,20,-3.2718291881956496,0
gamma_fixed,5,Middle-and-extreme,80,0.017173917056847104,0,2.63006513825217,29.912987627264382,-1736.993486174783,991.2987627264386,7.655864128303234,19.86851882446203,968,20,0.6574058776898539,0
gamma_fixed,5,Middle-and-extreme,180,-1.1201938668320737,1,19.5568224218096,21.74589420398731,-44.317757819039926,174.5894203987309,0.5493086496848641,20.615332180374793,949,20,-3.0766609018739643,0
gamma_fixed,5,Middle-and-extreme,280,0.21638286026872525,0,1.000000001223388,30.50690176041459,-1899.9999998776611,1050.690176041459,9.348651515886852,17.97711204533685,820,20,10.114439773315755,0
gamma_fixed,7,Equal,80,-0.9612495917761968,0,19.359929294115755,21.91908070497547,-64.00707058842475,191.9080704975472,0.6473815728482871,20.622295272623848,1000,20,-3.111476363119241,0
gamma_fixed,7,Equal,180,-1.022694411704225,8,19.306329111773447,22.39167186684076,-69.36708882265542,239.1671866840761,0.8020282159316747,20.820229774462433,993,20,-4.101148872312166,0
gamma_fixed,7,Equal,280,-0.964605492130926,0,19.377791556893218,21.824575500124254,-62.22084431067819,182.45755001242543,0.6140582912269801,20.592324000206077,990,20,-2.961620001030383,0
gamma_fixed,7,Time increasing,80,-0.9525990137507638,1,19.355399845651682,21.983567253653423,-64.46001543483152,198.3567253653421,0.6884702314293278,20.655836063456338,999,20,-3.2791803172816896,0
gamma_fixed,7,Time increasing,180,-0.9657664142124162,0,19.20423985178376,22.18441853282267,-79.57601482162379,218.44185328226652,0.7741300860985758,20.74762883738537,1000,20,-3.738144186926853,0
gamma_fixed,7,Time increasing,280,-0.41835081172155114,19,15.902063828456708,25.330706317300862,-409.79361715432924,533.070631730086,2.4115708509243916,21.00888262300825,994,20,-5.044413115041255,0
gamma_fixed,7,Time decreasing,80,-0.4665303959917603,12,15.268757172064944,25.60316359426617,-473.12428279350564,560.3163594266172,2.5449611453152645,21.187301730907574,994,20,-5.936508654537871,0
gamma_fixed,7,Time decreasing,180,-1.038562614111677,12,19.285731983057975,22.30837716099586,-71.42680169420257,230.83771609958595,0.7624775475159487,20.791880674949624,998,20,-3.95940337474812,0
gamma_fixed,7,Time decreasing,280,-0.9515164505365474,4,19.341899862233674,21.93347004576083,-65.81001377663233,193.34700457608318,0.6652694010465203,20.63301477913436,976,20,-3.1650738956717994,0
gamma_fixed,7,Middle-and-extreme,80,-0.8648234989773647,0,18.714493109021717,23.003593924684676,-128.55068909782847,300.3593924684675,1.0591999473019493,20.916021004542312,991,20,-4.58010502271156,0
gamma_fixed,7,Middle-and-extreme,180,-1.0849556579138848,0,19.516600418771425,21.627616420730778,-48.33995812285728,162.761642073078,0.5366235016231752,20.582212704255625,997,20,-2.9110635212781233,0
gamma_fixed,7,Middle-and-extreme,280,-0.9293671883063674,1,18.86510072913747,22.813381069497154,-113.48992708625299,281.33810694971555,1.019110716484043,20.947128061151663,989,20,-4.735640305758313,0
gamma_fixed,9,Equal,80,-0.8594723893540821,0,19.25692003953049,21.969553084365888,-74.30799604695126,196.95530843658892,0.684470336060216,20.588283355175665,996,20,-2.941416775878327,0
gamma_fixed,9,Equal,180,-1.1595125515843914,1,19.51909326003471,21.826886900461016,-48.09067399652929,182.68869004610136,0.5911002902967926,20.68538820584431,999,20,-3.426941029221542,0
gamma_fixed,9,Equal,280,-0.9271941282078828,0,19.323162864092986,21.876142049833632,-67.68371359070149,187.61420498336332,0.6553661892187387,20.60765168246959,996,20,-3.038258412347954,0
gamma_fixed,9,Time increasing,80,-0.4716832049719852,0,19.10846377688156,21.489812083533764,-89.15362231184426,148.9812083533761,0.5932875604806582,20.279843777997527,1000,20,-1.3992188899876368,0
gamma_fixed,9,Time increasing,180,-1.0160195979433877,0,19.45348839146251,21.80328789385655,-54.65116085374902,180.32878938565506,0.5947515451086156,20.604279225737464,997,20,-3.0213961286873214,0
gamma_fixed,9,Time increasing,280,-1.2390861187109823,2,19.587300413742444,21.871604928319464,-41.26995862575579,187.16049283194644,0.6010693674420727,20.744776709579863,999,20,-3.7238835478993164,0
gamma_fixed,9,Time decreasing,80,-0.6168795996011144,0,19.18299124886933,21.534523656180415,-81.7008751130667,153.4523656180413,0.6154309269046206,20.379646783771065,1000,20,-1.8982339188553254,0
gamma_fixed,9,Time decreasing,180,-1.0234034594462655,11,19.47510412245488,21.797181724464515,-52.489587754512144,179.71817244645163,0.5943408727051808,20.608250505216795,996,20,-3.041252526083973,0
gamma_fixed,9,Time decreasing,280,-0.5310540349135199,5,19.140487206195868,21.63929863201097,-85.95127938041327,163.92986320109694,0.6123407877120846,20.325186046056626,991,20,-1.625930230283128,0
gamma_fixed,9,Middle-and-extreme,80,-0.8228152890537905,0,18.795617128334992,22.766490183046304,-120.43828716650086,276.6490183046303,1.0020623645797904,20.824512234161645,997,20,-4.1225611708082255,0
gamma_fixed,9,Middle-and-extreme,180,-1.188248655389465,0,19.66714440409444,21.651989476409746,-33.285559590556204,165.1989476409747,0.504827789351594,20.599860941900268,997,20,-2.999304709501338,0
gamma_fixed,9,Middle-and-extreme,280,-0.8346265034448384,0,18.71499347804,22.6522058973146,-128.50065219600012,265.2205897314604,1.0044521238491233,20.838342364005936,998,20,-4.191711820029678,0
gamma_fixed,11,Equal,80,-0.9953072021026544,0,19.468691581366937,21.708646019068233,-53.13084186330644,170.8646019068236,0.5793880138387945,20.576669062985705,1000,20,-2.8833453149285226,0
gamma_fixed,11,Equal,180,-1.187756310481831,0,19.658440282318228,21.66636348595532,-34.15597176817728,166.63634859553198,0.5248569236886528,20.623402123211278,994,20,-3.1170106160563904,0
gamma_fixed,11,Equal,280,-1.0445425045917804,5,19.56835596174359,21.69681121298073,-43.164403825641145,169.68112129807312,0.5642914764224788,20.58942643210213,997,20,-2.947132160510648,0
gamma_fixed,11,Time increasing,80,-1.272292491803443,0,19.642196174142317,21.785797498795283,-35.78038258576836,178.5797498795282,0.5588040592712807,20.710962209000137,1000,20,-3.554811045000683,0
gamma_fixed,11,Time increasing,180,-1.3695365334499463,0,19.70388559553684,21.75000783491542,-29.611440446315953,175.0007834915419,0.5245314867402893,20.718365034035642,997,20,-3.591825170178211,0
gamma_fixed,11,Time increasing,280,-0.9580187530680577,2,19.363567383437505,21.943614895733102,-63.643261656249386,194.36148957331014,0.6528677976833608,20.625459593454902,996,20,-3.1272979672745116,0
gamma_fixed,11,Time decreasing,80,-1.1310415012466228,0,19.496970058776608,21.84238780513567,-50.30299412233892,184.23878051356698,0.6228955195293797,20.704520683528305,999,20,-3.5226034176415233,0
gamma_fixed,11,Time decreasing,180,-0.7721081871615401,1,19.397677662720923,21.38060230472246,-60.232233727907655,138.06023047224568,0.5076567591974849,20.391965940044273,996,20,-1.9598297002213625,0
gamma_fixed,11,Time decreasing,280,-0.5183190722325051,11,19.220969687066045,21.50248658562908,-77.90303129339563,150.24865856290796,0.5803578155378132,20.300810524512443,996,20,-1.504052622562213,0
gamma_fixed,11,Middle-and-extreme,80,-1.1320735472859302,0,19.496720143672956,21.863895425080205,-50.32798563270425,186.38954250802058,0.593474118119704,20.671856350122162,1000,20,-3.359281750610812,0
gamma_fixed,11,Middle-and-extreme,180,-1.3106814129381659,1,19.654052109674147,21.51440267517203,-34.59478903258528,151.44026751720295,0.4723525833343516,20.61910375132966,994,20,-3.0955187566483033,0
gamma_fixed,11,Middle-and-extreme,280,-1.1915966688118484,10,19.53283688549474,21.89750852912476,-46.716311450526106,189.75085291247603,0.5732390140397705,20.68306969956278,996,20,-3.415348497813895,0
gamma_rand,5,Equal,80,-0.0014731683385313355,79,1,9.713891100383574,-300,571.3891100383573,3.148624822152251,4.0046384543979086,995,4,-0.11596135994771384,0
gamma_rand,5,Equal,180,0.07640379959437536,195,1,10.696854132340274,-300,669.6854132340272,3.4368593064244934,3.737410890317879,967,4,6.564727742053023,1
gamma_rand,5,Equal,280,-0.1274951932420303,55,1,10.695530252389108,-300,669.553025238911,3.3343458653827702,4.425113070442741,981,4,-10.627826761068526,0
gamma_rand,5,Time increasing,80,-0.03917965298337643,0,1,6.689161767680166,-300,268.91617676801667,1.5870783308482903,4.062181178260072,1000,4,-1.5545294565018075,0
gamma_rand,5,Time increasing,180,0.05932993775374789,0,1,7.521421289760561,-300,352.14212897605603,2.1189602520829176,3.8742822201412546,1000,4,3.142944496468636,0
gamma_rand,5,Time increasing,280,0.7064989723376528,218,1,6.615783633101385,-300,261.5783633101385,2.0158530296935937,2.575801906137732,936,4,35.60495234655669,1
gamma_rand,5,Time decreasing,80,1.7322271992875717,289,1,5.027886966839636,-300,102.78869668396365,1.2325201441231042,1.8649950826801207,968,4,53.37512293299697,1
gamma_rand,5,Time decreasing,180,0.12027685306280655,5,1,7.510529958578811,-300,351.05299585788106,2.170663552577637,3.73891941883783,983,4,6.527014529054254,0
gamma_rand,5,Time decreasing,280,-0.09198191765034151,0,1,6.800219000343734,-300,280.0219000343734,1.6033206330065755,4.147476506432304,880,4,-3.6869126608076064,0
gamma_rand,5,Middle-and-extreme,80,0.590148284503084,189,1,7.085471432505245,-300,308.5471432505245,2.177328434024285,2.715053359860782,968,4,32.12366600348046,1
gamma_rand,5,Middle-and-extreme,180,0.13544776934945318,0,1.3930625318253238,5.536575827637515,-260.6937468174676,153.65758276375144,1.0091386533537197,3.8633144204389276,949,4,3.4171394890268103,0
gamma_rand,5,Middle-and-extreme,280,1.7015517596244918,259,1,5.046636495584886,-300,104.66364955848863,1.283540296044758,1.815989750716101,820,4,54.60025623209748,1
gamma_rand,7,Equal,80,-0.15383132445664535,0,1.9029765905496807,5.86048043726552,-209.70234094503198,186.04804372655204,1.0069457121910081,4.154899792562283,1000,4,-3.8724948140570703,0
gamma_rand,7,Equal,180,0.2689998075514161,5,1,6.943713467411804,-300,294.37134674118045,1.8329232136489915,3.506944008271898,993,4,12.326399793202548,0
gamma_rand,7,Equal,280,-0.10599455317528099,1,1.7177694391535832,5.819788001706295,-228.2230560846417,181.97880017062946,1.0274754656929146,4.108906802884684,990,4,-2.722670072117106,0
gamma_rand,7,Time increasing,80,0.17785976232757936,0,1,5.976852565155751,-300,197.68525651557505,1.3372729950860125,3.7621529429269116,999,4,5.9461764268272095,0
gamma_rand,7,Time increasing,180,-0.03652533077137766,0,1,6.806596135457122,-300,280.65961354571215,1.6380219999708852,4.05982929535973,1000,4,-1.4957323839932535,0
gamma_rand,7,Time increasing,280,-0.009476483116691982,49,1,9.536257083636004,-300,553.6257083636003,2.910482424258711,4.027581137554916,994,4,-0.6895284388729106,0
gamma_rand,7,Time decreasing,80,0.045643106899842405,41,1,9.053700797922668,-300,505.3700797922667,2.7484618336335482,3.874551662717327,994,4,3.1362084320668226,0
gamma_rand,7,Time decreasing,180,-0.012036758099488594,3,1,6.7607631165587865,-300,276.0763116558786,1.671080985555251,4.0201143975877836,998,4,-0.5028599396945888,0
gamma_rand,7,Time decreasing,280,0.11805105567098538,4,1,6.00967354952295,-300,200.96735495229504,1.3340757894844566,3.8425109447062566,976,4,3.937226382343584,0
gamma_rand,7,Middle-and-extreme,80,0.15943460623336433,1,1,7.273265498058961,-300,327.32654980589604,2.0596942223870847,3.6716134626925796,991,4,8.20966343268551,0
gamma_rand,7,Middle-and-extreme,180,-0.030711288566464403,0,2.2079447324732504,5.460234791503864,-179.20552675267498,146.0234791503864,0.8237911175018344,4.025299686728089,997,4,-0.6324921682022255,0
gamma_rand,7,Middle-and-extreme,280,0.11829394619137623,0,1,7.707217666668296,-300,370.7217666668295,2.1164932393664486,3.7496316626279738,989,4,6.259208434300656,0
gamma_rand,9,Equal,80,0.005212843746537557,0,1.2702481867710627,5.838199135901387,-272.9751813228937,183.81991359013875,1.0873176825202324,3.9943319828181747,996,4,0.14170042954563256,0
gamma_rand,9,Equal,180,0.21078205496199034,2,1,5.620757641326374,-300,162.07576413263732,1.079098010959843,3.772545503744488,999,4,5.6863624063878015,0
gamma_rand,9,Equal,280,-0.0041042302031920625,0,1.3017133403765346,5.803944911006258,-269.8286659623466,180.39449110062583,1.0402270737638863,4.00426933137432,996,4,-0.106733284357996,0
gamma_rand,9,Time increasing,80,-0.08173127604459679,2,2.2459046790327113,5.580159830593324,-175.40953209672887,158.01598305933246,0.8540879515901234,4.069805698137777,1000,4,-1.7451424534444149,0
gamma_rand,9,Time increasing,180,-0.10609660130780088,1,2.010909471685579,5.726256737768976,-198.90905283144212,172.62567377689768,0.913728626306453,4.09694350176876,997,4,-2.423587544219008,0
gamma_rand,9,Time increasing,280,-0.21145537404737186,2,2.17698177703905,5.776289528488769,-182.30182229609497,177.6289528488769,0.9282164403617218,4.196276354593608,999,4,-4.906908864840198,0
gamma_rand,9,Time decreasing,80,-0.11163859722529888,0,2.2065212634266747,5.703820703190499,-179.34787365733257,170.38207031904994,0.9233058482158719,4.103076569704735,1000,4,-2.5769142426183667,0
gamma_rand,9,Time decreasing,180,-0.0414654558892886,6,1.544471704636331,5.77073552632572,-245.55282953636691,177.073552632572,1.026651357594818,4.042570566582026,996,4,-1.0642641645506545,0
gamma_rand,9,Time decreasing,280,-0.1284999400326502,4,2.1953110920019645,5.533782264340781,-180.46889079980355,153.37822643407804,0.8869048147579591,4.1139672155110665,991,4,-2.849180387776662,0
gamma_rand,9,Middle-and-extreme,80,0.154868388247596,0,1,6.744456459534364,-300,274.4456459534364,1.7969251184597907,3.7217131031025117,997,4,6.957172422437208,0
gamma_rand,9,Middle-and-extreme,180,-0.045012249001933166,2,2.3402844103765115,5.437775507282485,-165.97155896234887,143.7775507282484,0.7939469536570682,4.035737337972338,997,4,-0.8934334493084561,0
gamma_rand,9,Middle-and-extreme,280,0.09924870953850035,1,1,7.047328072947554,-300,304.7328072947554,1.8295220489515858,3.818422297569322,998,4,4.539442560766949,0
gamma_rand,11,Equal,80,-0.008317225011636127,0,2.2521682559311462,5.553659950235982,-174.7831744068854,155.36599502359826,0.8574926879855974,4.007131959631809,1000,4,-0.1782989907952226,0
gamma_rand,11,Equal,180,0.056832878415185965,0,2.1655109635135603,5.303113115947753,-183.44890364864395,130.3113115947753,0.8151177076381977,3.953674514427733,994,4,1.1581371393066697,0
gamma_rand,11,Equal,280,-0.05560769333570546,7,2.1170626410682107,5.541856016382196,-188.2937358931789,154.18560163821962,0.8402209812121101,4.046722750657469,997,4,-1.168068766436714,0
gamma_rand,11,Time increasing,80,-0.0729169253491401,0,2.220827628581168,5.4672935381543555,-177.91723714188322,146.72935381543553,0.8263509519595966,4.060254970676229,1000,4,-1.506374266905719,0
gamma_rand,11,Time increasing,180,-0.07942711175403012,0,2.5555844744981857,5.414425640153018,-144.4415525501814,141.44256401530183,0.7431922835009982,4.059029616556367,997,4,-1.4757404139091657,0
gamma_rand,11,Time increasing,280,0.13632209588996258,2,1.5755943135771773,5.546003082110919,-242.44056864228224,154.60030821109189,0.9717088440531128,3.867534613783867,996,4,3.3116346554033282,0
gamma_rand,11,Time decreasing,80,0.03461118851233722,0,1.5537898343849728,5.6477090422336,-244.62101656150273,164.77090422335996,1.0055446585526457,3.9651969042652606,999,4,0.8700773933684847,0
gamma_rand,11,Time decreasing,180,-0.11799521940920735,1,2.4502684786347513,5.383286975262889,-154.97315213652487,138.32869752628895,0.7553017105122509,4.089121991052043,996,4,-2.2280497763010665,0
gamma_rand,11,Time decreasing,280,-0.041291607573283956,12,2.2473496843748744,5.510952153039247,-175.26503156251255,151.0952153039247,0.8240334110032544,4.034025664234421,996,4,-0.8506416058605248,0
gamma_rand,11,Middle-and-extreme,80,-0.014319606270566769,0,2.0172565202558963,5.568614130105662,-198.27434797441038,156.86141301056628,0.8797454761119944,4.012597608836236,1000,4,-0.31494022090590157,0
gamma_rand,11,Middle-and-extreme,180,-0.035248026495009,0,2.7109880676385356,5.232361251068726,-128.90119323614647,123.23612510687262,0.6575488373865415,4.023177298841963,994,4,-0.5794324710490795,0
gamma_rand,11,Middle-and-extreme,280,-0.04001266088604463,10,2.170950686551765,5.540749612892023,-182.90493134482347,154.0749612892023,0.8415628242140993,4.033673167899581,996,4,-0.8418291974895187,0
epsilon,5,Equal,80,0.08512527712931914,0,0.028020662943623646,0.031940835335022524,-0.19793370563763527,0.19408353350225294,0.0010262522250459388,0.029912639994938383,995,0.03,0.2912000168720531,0
epsilon,5,Equal,180,0.27655813459844647,6,0.02757573768685682,0.03186982695799179,-0.24242623131431779,0.1869826957991788,0.0010895318282858066,0.02969868110998364,967,0.03,1.0043963000545253,0
epsilon,5,Equal,280,0.11192309089734152,1,0.02796534487691032,0.031844609582575706,-0.203465512308968,0.18446095825757014,0.0010054938148736888,0.029887462024361176,981,0.03,0.3751265854627419,0
epsilon,5,Time increasing,80,0.09328338044810426,0,0.02795641713960721,0.0317490572027683,-0.20435828603927902,0.17490572027683005,9.952306301551097e-4,0.029907161522493633,1000,0.03,0.3094615916878855,0
epsilon,5,Time increasing,180,0.15868128028259745,5,0.02786680678865866,0.03189388975400611,-0.2133193211341337,0.18938897540061125,0.0010041799928754613,0.02984065543309635,1000,0.03,0.5311485563454926,0
epsilon,5,Time increasing,280,0.09499080555410759,1,0.028028901530146463,0.03164866428007226,-0.19710984698535378,0.16486642800722603,9.476152196639815e-4,0.029909985266928785,936,0.03,0.30004911023738073,0
epsilon,5,Time decreasing,80,0.22290115986887063,0,0.027963944910330944,0.03156060623518067,-0.20360550896690563,0.15606062351806727,8.963921061450949e-4,0.029800193159842957,968,0.03,0.6660228005234715,0
epsilon,5,Time decreasing,180,0.1392395220196908,7,0.027845281351983102,0.03180800454768348,-0.21547186480168984,0.18080045476834805,0.0010103788687686392,0.029859315329253858,983,0.03,0.4689489024871374,0
epsilon,5,Time decreasing,280,0.11443916557496259,4,0.027848999532537628,0.03190427725468828,-0.2151000467462373,0.19042772546882786,0.0010517764071543622,0.02987963558559382,880,0.03,0.4012147146872577,0
epsilon,5,Middle-and-extreme,80,0.28330525250404043,0,0.028024714813959625,0.03153923381515196,-0.1975285186040376,0.15392338151519575,9.024361829774866e-4,0.02974433508931278,968,0.03,0.8522163689573977,0
epsilon,5,Middle-and-extreme,180,-0.31919796253657384,1,0.028001904519683766,0.032795077743251945,-0.1998095480316232,0.2795077743251948,0.0012664187247258749,0.030404238276650664,949,0.03,-1.3474609221688847,0
epsilon,5,Middle-and-extreme,280,0.05891123262870135,19,0.02812119256557799,0.031826483576348326,-0.18788074344220085,0.1826483576348327,9.635490756828293e-4,0.029943236136253278,820,0.03,0.18921287915573776,0
epsilon,7,Equal,80,-0.04765095369784981,0,0.028560765978820214,0.03143624826486414,-0.14392340211797827,0.14362482648641367,7.516853617869197e-4,0.03003581852436986,1000,0.03,-0.11939508123286666,0
epsilon,7,Equal,180,-0.10402312917466575,2,0.028478476971762583,0.03163033233038862,-0.15215230282374145,0.1630332330388626,8.007073508791597e-4,0.030083292084191606,993,0.03,-0.27764028063869084,0
epsilon,7,Equal,280,0.022505669560429417,1,0.028482787182217875,0.03161695890977165,-0.15172128177821248,0.16169589097716497,7.91049881176007e-4,0.029982196892768435,990,0.03,0.059343690771880564,0
epsilon,7,Time increasing,80,-0.13679272771609285,1,0.028454022521422553,0.031634105279312874,-0.15459774785774477,0.16341052793128746,7.923913982523681e-4,0.03010839338078571,999,0.03,-0.36131126928570095,0
epsilon,7,Time increasing,180,0.12014792189275479,0,0.028411026773813953,0.03150601996455064,-0.15889732261860487,0.15060199645506409,7.988842725842609e-4,0.029904015714816195,1000,0.03,0.3199476172793467,0
epsilon,7,Time increasing,280,-0.001368631871869377,0,0.02862287626281615,0.03146599972789022,-0.13771237371838496,0.14659997278902195,6.984199946884938e-4,0.03000095587986468,994,0.03,-0.0031862662156050456,0
epsilon,7,Time decreasing,80,0.00402866967858363,0,0.028601198086705106,0.03144533268316821,-0.1398801913294892,0.14453326831682128,7.298661156732279e-4,0.02999705961051036,994,0.03,0.009801298298794486,0
epsilon,7,Time decreasing,180,0.025156724035781758,3,0.028575049566882,0.03158744239996927,-0.14249504331179974,0.15874423999692777,7.808105618650707e-4,0.029980357364170936,998,0.03,0.06547545276354427,0
epsilon,7,Time decreasing,280,-0.08280133042570141,2,0.028555950099606837,0.03155836076052196,-0.14440499003931612,0.15583607605219596,7.799690489733739e-4,0.030064582474945863,976,0.03,-0.21527491648621472,0
epsilon,7,Middle-and-extreme,80,0.08745693761543001,0,0.02859895415812812,0.0312997611236213,-0.14010458418718788,0.12997611236213058,6.860593385303685e-4,0.029939999351229665,991,0.03,0.20000216256777875,0
epsilon,7,Middle-and-extreme,180,-0.19763698095507196,1,0.028575865666421025,0.031729619545118576,-0.1424134333578973,0.17296195451185753,8.120099472530519e-4,0.03016048319448058,997,0.03,-0.5349439816019347,0
epsilon,7,Middle-and-extreme,280,0.15267366078580907,1,0.02853900285470559,0.03126138155112011,-0.14609971452944104,0.12613815511201126,7.09120446900438e-4,0.02989173598543364,989,0.03,0.3608800485545294,0
epsilon,9,Equal,80,-0.1092811201571273,0,0.028967089903919004,0.03132221383247356,-0.10329100960809978,0.13222138324735555,6.046542856802917e-4,0.03006607729764695,996,0.03,-0.2202576588231665,0
epsilon,9,Equal,180,-0.20046534106729832,2,0.02898092315702987,0.031359323897369715,-0.10190768429701268,0.13593238973697183,6.193987876616939e-4,0.03012416798922527,999,0.03,-0.4138932974175752,0
epsilon,9,Equal,280,-0.08779506060760316,0,0.028867574019621974,0.031248235794532918,-0.11324259803780247,0.12482357945329194,6.271764366082025e-4,0.030055062993263677,996,0.03,-0.18354331087892575,0
epsilon,9,Time increasing,80,-0.1090423269131822,0,0.02886600457504111,0.03128487235625548,-0.11339954249588931,0.12848723562554837,6.256443135291753e-4,0.03006822171176722,1000,0.03,-0.22740570589073936,0
epsilon,9,Time increasing,180,-0.1284672111078575,0,0.028875711000087297,0.03126564798042073,-0.1124288999912703,0.12656479804207324,6.224953871472622e-4,0.030079970246314314,997,0.03,-0.26656748771438277,0
epsilon,9,Time increasing,280,-0.04176747595291263,0,0.028739803842180348,0.03130110331017568,-0.12601961578196497,0.13011033101756858,6.444517741420497e-4,0.03002691712397929,999,0.03,-0.08972374659763314,0
epsilon,9,Time decreasing,80,-0.016660712116042076,0,0.02883890953006422,0.03129298474021351,-0.1161090469935778,0.12929847402135167,6.226694564682712e-4,0.03001037411655767,1000,0.03,-0.03458038852556754,0
epsilon,9,Time decreasing,180,-0.14461774455234222,8,0.028822360518498378,0.03136982311033538,-0.11776394815016218,0.13698231103353792,6.537666264432704e-4,0.03009454625497982,996,0.03,-0.31515418326606476,0
epsilon,9,Time decreasing,280,-0.16327714364266535,1,0.028804703554025403,0.03139171439612084,-0.11952964459745968,0.13917143961208409,6.367588170785436e-4,0.030103968160841866,991,0.03,-0.3465605361395568,0
epsilon,9,Middle-and-extreme,80,0.021056769386695078,0,0.02878760086822432,0.03115426811633298,-0.12123991317756794,0.11542681163329814,5.993153224427982e-4,0.029987380355465408,997,0.03,0.04206548178196934,0
epsilon,9,Middle-and-extreme,180,-0.21609827143292826,1,0.02894750613478328,0.03138029735548239,-0.10524938652167193,0.1380297355482389,6.422017359766763e-4,0.030138778685055784,997,0.03,-0.46259561685261846,0
epsilon,9,Middle-and-extreme,280,-0.05173964984497564,0,0.0288847385543005,0.03122727141803746,-0.11152614456994972,0.12272714180374603,5.937485401850267e-4,0.030030720341565138,998,0.03,-0.10240113855046243,0
epsilon,11,Equal,80,-0.2210878666063327,0,0.029074767038565333,0.0311134355478138,-0.09252329614346673,0.1113435547813799,5.429019019314407e-4,0.03012002902327454,1000,0.03,-0.40009674424847563,0
epsilon,11,Equal,180,-0.20271539322283047,1,0.029026118446116016,0.031156885012547715,-0.09738815538839846,0.11568850125477131,5.626250441789351e-4,0.030114052757067744,994,0.03,-0.380175856892484,0
epsilon,11,Equal,280,-0.20757039372255073,1,0.029105603372535063,0.031172127346303827,-0.08943966274649359,0.11721273463038283,5.392669428545879e-4,0.030111935851649882,997,0.03,-0.37311950549961026,0
epsilon,11,Time increasing,80,-0.23312974342629653,0,0.029089471126636526,0.031174208489694516,-0.09105288733634727,0.11742084896945171,5.229932183121013e-4,0.030121925274798792,1000,0.03,-0.4064175826626442,0
epsilon,11,Time increasing,180,-0.23046505788809166,2,0.029054066861684262,0.03126327981809303,-0.09459331383157368,0.12632798180930288,5.702149033805981e-4,0.03013141461071626,997,0.03,-0.4380487023875404,0
epsilon,11,Time increasing,280,-0.18204139438214176,1,0.029050306022028162,0.0311497010312805,-0.09496939779718364,0.11497010312804998,5.438567930137128e-4,0.030099004448944415,996,0.03,-0.3300148298147204,0
epsilon,11,Time decreasing,80,-0.16977212226241692,0,0.028978956275918028,0.031156647480398075,-0.10210437240819696,0.11566474803980759,5.501496191208778e-4,0.03009340006840001,999,0.03,-0.3113335613333726,0
epsilon,11,Time decreasing,180,-0.20553536783698223,2,0.029121466757376778,0.031220411873474095,-0.08785332426232188,0.12204118734740979,5.589000065014284e-4,0.030114873718420362,996,0.03,-0.3829123947345428,0
epsilon,11,Time decreasing,280,-0.21737411027578032,7,0.029127210024942646,0.031163074864451523,-0.08727899750573534,0.1163074864451527,5.281594055971473e-4,0.030114808180875464,996,0.03,-0.3826939362515496,0
epsilon,11,Middle-and-extreme,80,-0.10846824659316963,1,0.0289755328446398,0.031138290287434235,-0.10244671553601972,0.11382902874342377,5.425713652363024e-4,0.030058851764638843,1000,0.03,-0.1961725487961465,0
epsilon,11,Middle-and-extreme,180,-0.2347457008786364,0,0.029087999164803816,0.0311621542673335,-0.09120008351961824,0.11621542673334984,5.179433456178576e-4,0.03012158497368249,994,0.03,-0.40528324560829926,0
epsilon,11,Middle-and-extreme,280,-0.036310484080707923,3,0.02905401729740748,0.031086558160600884,-0.0945982702592521,0.10865581606008819,5.344544148109462e-4,0.030019406298520856,996,0.03,-0.06468766173618977,0
